Workbook

Sheet Summary
A1: PROJECT WORK LOAD TRAKING SHEET
A2: PROJECT | C2: DEPARTMENT | P2: DESIGN
A3: Sr. No. | B3: PROJECT CODE | C3: PROJECT NAME | D3: January | E3: February | F3: March | G3: April | H3: May | I3: June | J3: July | K3: August | L3: September | M3: October | N3: November | O3: December | P3: Total Hrs | Q3: ETC | R3: Over Budget | S3: WK01 | T3: WK02 | U3: WK03 | V3: WK04 | W3: WK05 | X3: WK06 | Y3: WK07 | Z3: WK08 | AA3: WK09 | AB3: WK10 | AC3: WK11 | AD3: WK12 | AE3: WK13 | AF3: WK14 | AG3: WK15 | AH3: WK16 | AI3: WK17 | AJ3: WK18 | AK3: WK19 | AL3: WK20 | AM3: WK21 | AN3: WK22 | AO3: WK23 | AP3: WK24 | AQ3: WK25 | AR3: WK26 | AS3: WK27 | AT3: WK28 | AU3: WK29 | AV3: WK30 | AW3: WK31 | AX3: WK32 | AY3: WK33 | AZ3: WK34 | BA3: WK35 | BB3: WK36 | BC3: WK37 | BD3: WK38 | BE3: WK39 | BF3: WK40 | BG3: WK41 | BH3: WK42 | BI3: WK43 | BJ3: WK44 | BK3: WK45 | BL3: WK46 | BM3: WK47 | BN3: WK48 | BO3: WK49 | BP3: WK50 | BQ3: WK51 | BR3: WK52 | BS3: WK53
A4: 1 | B4: LEAVE | D4: =S4+T4+U4+V4+W4 -> 0 | E4: =X4+Y4+Z4+AA4 -> 0 | F4: =AB4+AC4+AD4+AE4 -> 0 | G4: =AF4+AG4+AH4+AI4+AJ4 -> 0 | H4: =AK4+AL4+AM4+AN4 -> 0 | I4: =AO4+AP4+AQ4+AR4 -> #REF! | J4: =AS4+AT4+AU4+AV4+AW4 -> #REF! | K4: =AX4+AY4+AZ4+BA4 -> 0 | L4: =BB4+BC4+BD4+BE4 -> 0 | M4: =BF4+BG4+BH4+BI4+BJ4 -> 0 | N4: =BK4+BL4+BM4+BN4 -> 0 | O4: =BO4+BP4+BQ4+BR4+BS4 -> 0 | P4: =(SUM(S4:BS4)) -> #REF! | R4: =IF(Q4>P4,Q4-P4,0) -> #REF! | S4: =SUMIF('01'!D:D,Summary!$B4,'01'!E:E) -> 0 | T4: =SUMIF('02'!D:D,Summary!$B4,'02'!E:E) -> 0 | U4: =SUMIF('03'!D:D,Summary!$B4,'03'!E:E) -> 0 | V4: =SUMIF('04'!D:D,Summary!$B4,'04'!E:E) -> 0 | W4: =SUMIF('05'!D:D,Summary!$B4,'05'!E:E) -> 0 | X4: =SUMIF('06'!D:D,Summary!$B4,'06'!E:E) -> 0 | Y4: =SUMIF('07'!D:D,Summary!$B4,'07'!E:E) -> 0 | Z4: =SUMIF('08'!D:D,Summary!$B4,'08'!E:E) -> 0 | AA4: =SUMIF('09'!D:D,Summary!$B4,'09'!E:E) -> 0 | AB4: =SUMIF('10'!D:D,Summary!$B4,'10'!E:E) -> 0 | AC4: =SUMIF('11'!D:D,Summary!$B4,'11'!E:E) -> 0 | AD4: =SUMIF('12'!D:D,Summary!$B4,'12'!E:E) -> 0 | AE4: =SUMIF('13'!D:D,Summary!$B4,'13'!E:E) -> 0 | AF4: =SUMIF('14'!D:D,Summary!$B4,'14'!E:E) -> 0 | AG4: =SUMIF('15'!D:D,Summary!$B4,'15'!E:E) -> 0 | AH4: =SUMIF('16'!D:D,Summary!$B4,'16'!E:E) -> 0 | AI4: =SUMIF('17'!D:D,Summary!$B4,'17'!E:E) -> 0 | AJ4: =SUMIF('18'!D:D,Summary!$B4,'18'!E:E) -> 0 | AK4: =SUMIF('19'!D:D,Summary!$B4,'19'!E:E) -> 0 | AL4: =SUMIF('20'!D:D,Summary!$B4,'20'!E:E) -> 0 | AM4: =SUMIF('21'!D:D,Summary!$B4,'21'!E:E) -> 0 | AN4: =SUMIF('22'!D:D,Summary!$B4,'22'!$E:$E) -> 0 | AO4: =SUMIF(#REF!,Summary!$B4,#REF!) -> #REF! | AP4: =SUMIF(#REF!,Summary!$B4,#REF!) -> #REF! | AQ4: =SUMIF(#REF!,Summary!$B4,#REF!) -> #REF! | AR4: =SUMIF(#REF!,Summary!$B4,#REF!) -> #REF! | AS4: =SUMIF(#REF!,Summary!$B4,#REF!) -> #REF! | AT4: =SUMIF('28'!D:D,Summary!$B4,'28'!E:E) -> 0 | AU4: =SUMIF('29'!D:D,Summary!$B4,'29'!E:E) -> 0 | AV4: =SUMIF('30'!D:D,Summary!$B4,'30'!E:E) -> 0 | AW4: =SUMIF('31'!D:D,Summary!$B4,'31'!E:E) -> 0 | AX4: =SUMIF('32'!D:D,Summary!$B4,'32'!E:E) -> 0 | AY4: =SUMIF('33'!D:D,Summary!$B4,'33'!E:E) -> 0 | AZ4: =SUMIF('34'!D:D,Summary!$B4,'34'!E:E) -> 0 | BA4: =SUMIF('35'!D:D,Summary!$B4,'35'!E:E) -> 0 | BB4: =SUMIF('36'!D:D,Summary!$B4,'36'!E:E) -> 0 | BC4: =SUMIF('37'!D:D,Summary!$B4,'37'!E:E) -> 0 | BD4: =SUMIF('38'!D:D,Summary!$B4,'38'!E:E) -> 0 | BE4: =SUMIF('39'!D:D,Summary!$B4,'39'!E:E) -> 0 | BF4: =SUMIF('40'!D:D,Summary!$B4,'40'!E:E) -> 0 | BG4: =SUMIF('41'!D:D,Summary!$B4,'41'!E:E) -> 0 | BH4: =SUMIF('42'!D:D,Summary!$B4,'42'!E:E) -> 0 | BI4: =SUMIF('43'!D:D,Summary!$B4,'43'!E:E) -> 0 | BJ4: =SUMIF('44'!D:D,Summary!$B4,'44'!E:E) -> 0 | BK4: =SUMIF('45'!D:D,Summary!$B4,'45'!E:E) -> 0 | BL4: =SUMIF('46'!D:D,Summary!$B4,'46'!E:E) -> 0 | BM4: =SUMIF('47'!D:D,Summary!$B4,'47'!E:E) -> 0 | BN4: =SUMIF('48'!D:D,Summary!$B4,'48'!E:E) -> 0 | BO4: =SUMIF('49'!D:D,Summary!$B4,'49'!E:E) -> 0 | BP4: =SUMIF('50'!D:D,Summary!$B4,'50'!E:E) -> 0 | BQ4: =SUMIF('51'!D:D,Summary!$B4,'51'!E:E) -> 0 | BR4: =SUMIF('52'!D:D,Summary!$B4,'52'!E:E) -> 0 | BS4: =SUMIF('53'!D:D,Summary!$B4,'53'!E:E) -> 0
A5: =A4+1 -> 2 | B5: IDLE | D5: =S5+T5+U5+V5+W5 -> 0 | E5: =X5+Y5+Z5+AA5 -> 0 | F5: =AB5+AC5+AD5+AE5 -> 0 | G5: =AF5+AG5+AH5+AI5+AJ5 -> 0 | H5: =AK5+AL5+AM5+AN5 -> 0 | I5: =AO5+AP5+AQ5+AR5 -> #REF! | J5: =AS5+AT5+AU5+AV5+AW5 -> #REF! | K5: =AX5+AY5+AZ5+BA5 -> 0 | L5: =BB5+BC5+BD5+BE5 -> 0 | M5: =BF5+BG5+BH5+BI5+BJ5 -> 0 | N5: =BK5+BL5+BM5+BN5 -> 0 | O5: =BO5+BP5+BQ5+BR5+BS5 -> 0 | P5: =(SUM(S5:BS5)) -> #REF! | R5: =IF(Q5>P5,Q5-P5,0) -> #REF! | S5: =SUMIF('01'!D:D,Summary!$B5,'01'!E:E) -> 0 | T5: =SUMIF('02'!D:D,Summary!$B5,'02'!E:E) -> 0 | U5: =SUMIF('03'!D:D,Summary!$B5,'03'!E:E) -> 0 | V5: =SUMIF('04'!D:D,Summary!$B5,'04'!E:E) -> 0 | W5: =SUMIF('05'!D:D,Summary!$B5,'05'!E:E) -> 0 | X5: =SUMIF('06'!D:D,Summary!$B5,'06'!E:E) -> 0 | Y5: =SUMIF('07'!D:D,Summary!$B5,'07'!E:E) -> 0 | Z5: =SUMIF('08'!D:D,Summary!$B5,'08'!E:E) -> 0 | AA5: =SUMIF('09'!D:D,Summary!$B5,'09'!E:E) -> 0 | AB5: =SUMIF('10'!D:D,Summary!$B5,'10'!E:E) -> 0 | AC5: =SUMIF('11'!D:D,Summary!$B5,'11'!E:E) -> 0 | AD5: =SUMIF('12'!D:D,Summary!$B5,'12'!E:E) -> 0 | AE5: =SUMIF('13'!D:D,Summary!$B5,'13'!E:E) -> 0 | AF5: =SUMIF('14'!D:D,Summary!$B5,'14'!E:E) -> 0 | AG5: =SUMIF('15'!D:D,Summary!$B5,'15'!E:E) -> 0 | AH5: =SUMIF('16'!D:D,Summary!$B5,'16'!E:E) -> 0 | AI5: =SUMIF('17'!D:D,Summary!$B5,'17'!E:E) -> 0 | AJ5: =SUMIF('18'!D:D,Summary!$B5,'18'!E:E) -> 0 | AK5: =SUMIF('19'!D:D,Summary!$B5,'19'!E:E) -> 0 | AL5: =SUMIF('20'!D:D,Summary!$B5,'20'!E:E) -> 0 | AM5: =SUMIF('21'!D:D,Summary!$B5,'21'!E:E) -> 0 | AN5: =SUMIF('22'!D:D,Summary!$B5,'22'!$E:$E) -> 0 | AO5: =SUMIF(#REF!,Summary!$B5,#REF!) -> #REF! | AP5: =SUMIF(#REF!,Summary!$B5,#REF!) -> #REF! | AQ5: =SUMIF(#REF!,Summary!$B5,#REF!) -> #REF! | AR5: =SUMIF(#REF!,Summary!$B5,#REF!) -> #REF! | AS5: =SUMIF(#REF!,Summary!$B5,#REF!) -> #REF! | AT5: =SUMIF('28'!D:D,Summary!$B5,'28'!E:E) -> 0 | AU5: =SUMIF('29'!D:D,Summary!$B5,'29'!E:E) -> 0 | AV5: =SUMIF('30'!D:D,Summary!$B5,'30'!E:E) -> 0 | AW5: =SUMIF('31'!D:D,Summary!$B5,'31'!E:E) -> 0 | AX5: =SUMIF('32'!D:D,Summary!$B5,'32'!E:E) -> 0 | AY5: =SUMIF('33'!D:D,Summary!$B5,'33'!E:E) -> 0 | AZ5: =SUMIF('34'!D:D,Summary!$B5,'34'!E:E) -> 0 | BA5: =SUMIF('35'!D:D,Summary!$B5,'35'!E:E) -> 0 | BB5: =SUMIF('36'!D:D,Summary!$B5,'36'!E:E) -> 0 | BC5: =SUMIF('37'!D:D,Summary!$B5,'37'!E:E) -> 0 | BD5: =SUMIF('38'!D:D,Summary!$B5,'38'!E:E) -> 0 | BE5: =SUMIF('39'!D:D,Summary!$B5,'39'!E:E) -> 0 | BF5: =SUMIF('40'!D:D,Summary!$B5,'40'!E:E) -> 0 | BG5: =SUMIF('41'!D:D,Summary!$B5,'41'!E:E) -> 0 | BH5: =SUMIF('42'!D:D,Summary!$B5,'42'!E:E) -> 0 | BI5: =SUMIF('43'!D:D,Summary!$B5,'43'!E:E) -> 0 | BJ5: =SUMIF('44'!D:D,Summary!$B5,'44'!E:E) -> 0 | BK5: =SUMIF('45'!D:D,Summary!$B5,'45'!E:E) -> 0 | BL5: =SUMIF('46'!D:D,Summary!$B5,'46'!E:E) -> 0 | BM5: =SUMIF('47'!D:D,Summary!$B5,'47'!E:E) -> 0 | BN5: =SUMIF('48'!D:D,Summary!$B5,'48'!E:E) -> 0 | BO5: =SUMIF('49'!D:D,Summary!$B5,'49'!E:E) -> 0 | BP5: =SUMIF('50'!D:D,Summary!$B5,'50'!E:E) -> 0 | BQ5: =SUMIF('51'!D:D,Summary!$B5,'51'!E:E) -> 0 | BR5: =SUMIF('52'!D:D,Summary!$B5,'52'!E:E) -> 0 | BS5: =SUMIF('53'!D:D,Summary!$B5,'53'!E:E) -> 0
A6: =A5+1 -> 3 | B6: HOLIDAY | D6: =S6+T6+U6+V6+W6 -> 0 | E6: =X6+Y6+Z6+AA6 -> 0 | F6: =AB6+AC6+AD6+AE6 -> 0 | G6: =AF6+AG6+AH6+AI6+AJ6 -> 0 | H6: =AK6+AL6+AM6+AN6 -> 0 | I6: =AO6+AP6+AQ6+AR6 -> #REF! | J6: =AS6+AT6+AU6+AV6+AW6 -> #REF! | K6: =AX6+AY6+AZ6+BA6 -> 0 | L6: =BB6+BC6+BD6+BE6 -> 0 | M6: =BF6+BG6+BH6+BI6+BJ6 -> 0 | N6: =BK6+BL6+BM6+BN6 -> 0 | O6: =BO6+BP6+BQ6+BR6+BS6 -> 0 | P6: =(SUM(S6:BS6)) -> #REF! | R6: =IF(Q6>P6,Q6-P6,0) -> #REF! | S6: =SUMIF('01'!D:D,Summary!$B6,'01'!E:E) -> 0 | T6: =SUMIF('02'!D:D,Summary!$B6,'02'!E:E) -> 0 | U6: =SUMIF('03'!D:D,Summary!$B6,'03'!E:E) -> 0 | V6: =SUMIF('04'!D:D,Summary!$B6,'04'!E:E) -> 0 | W6: =SUMIF('05'!D:D,Summary!$B6,'05'!E:E) -> 0 | X6: =SUMIF('06'!D:D,Summary!$B6,'06'!E:E) -> 0 | Y6: =SUMIF('07'!D:D,Summary!$B6,'07'!E:E) -> 0 | Z6: =SUMIF('08'!D:D,Summary!$B6,'08'!E:E) -> 0 | AA6: =SUMIF('09'!D:D,Summary!$B6,'09'!E:E) -> 0 | AB6: =SUMIF('10'!D:D,Summary!$B6,'10'!E:E) -> 0 | AC6: =SUMIF('11'!D:D,Summary!$B6,'11'!E:E) -> 0 | AD6: =SUMIF('12'!D:D,Summary!$B6,'12'!E:E) -> 0 | AE6: =SUMIF('13'!D:D,Summary!$B6,'13'!E:E) -> 0 | AF6: =SUMIF('14'!D:D,Summary!$B6,'14'!E:E) -> 0 | AG6: =SUMIF('15'!D:D,Summary!$B6,'15'!E:E) -> 0 | AH6: =SUMIF('16'!D:D,Summary!$B6,'16'!E:E) -> 0 | AI6: =SUMIF('17'!D:D,Summary!$B6,'17'!E:E) -> 0 | AJ6: =SUMIF('18'!D:D,Summary!$B6,'18'!E:E) -> 0 | AK6: =SUMIF('19'!D:D,Summary!$B6,'19'!E:E) -> 0 | AL6: =SUMIF('20'!D:D,Summary!$B6,'20'!E:E) -> 0 | AM6: =SUMIF('21'!D:D,Summary!$B6,'21'!E:E) -> 0 | AN6: =SUMIF('22'!D:D,Summary!$B6,'22'!$E:$E) -> 0 | AO6: =SUMIF(#REF!,Summary!$B6,#REF!) -> #REF! | AP6: =SUMIF(#REF!,Summary!$B6,#REF!) -> #REF! | AQ6: =SUMIF(#REF!,Summary!$B6,#REF!) -> #REF! | AR6: =SUMIF(#REF!,Summary!$B6,#REF!) -> #REF! | AS6: =SUMIF(#REF!,Summary!$B6,#REF!) -> #REF! | AT6: =SUMIF('28'!D:D,Summary!$B6,'28'!E:E) -> 0 | AU6: =SUMIF('29'!D:D,Summary!$B6,'29'!E:E) -> 0 | AV6: =SUMIF('30'!D:D,Summary!$B6,'30'!E:E) -> 0 | AW6: =SUMIF('31'!D:D,Summary!$B6,'31'!E:E) -> 0 | AX6: =SUMIF('32'!D:D,Summary!$B6,'32'!E:E) -> 0 | AY6: =SUMIF('33'!D:D,Summary!$B6,'33'!E:E) -> 0 | AZ6: =SUMIF('34'!D:D,Summary!$B6,'34'!E:E) -> 0 | BA6: =SUMIF('35'!D:D,Summary!$B6,'35'!E:E) -> 0 | BB6: =SUMIF('36'!D:D,Summary!$B6,'36'!E:E) -> 0 | BC6: =SUMIF('37'!D:D,Summary!$B6,'37'!E:E) -> 0 | BD6: =SUMIF('38'!D:D,Summary!$B6,'38'!E:E) -> 0 | BE6: =SUMIF('39'!D:D,Summary!$B6,'39'!E:E) -> 0 | BF6: =SUMIF('40'!D:D,Summary!$B6,'40'!E:E) -> 0 | BG6: =SUMIF('41'!D:D,Summary!$B6,'41'!E:E) -> 0 | BH6: =SUMIF('42'!D:D,Summary!$B6,'42'!E:E) -> 0 | BI6: =SUMIF('43'!D:D,Summary!$B6,'43'!E:E) -> 0 | BJ6: =SUMIF('44'!D:D,Summary!$B6,'44'!E:E) -> 0 | BK6: =SUMIF('45'!D:D,Summary!$B6,'45'!E:E) -> 0 | BL6: =SUMIF('46'!D:D,Summary!$B6,'46'!E:E) -> 0 | BM6: =SUMIF('47'!D:D,Summary!$B6,'47'!E:E) -> 0 | BN6: =SUMIF('48'!D:D,Summary!$B6,'48'!E:E) -> 0 | BO6: =SUMIF('49'!D:D,Summary!$B6,'49'!E:E) -> 0 | BP6: =SUMIF('50'!D:D,Summary!$B6,'50'!E:E) -> 0 | BQ6: =SUMIF('51'!D:D,Summary!$B6,'51'!E:E) -> 0 | BR6: =SUMIF('52'!D:D,Summary!$B6,'52'!E:E) -> 0 | BS6: =SUMIF('53'!D:D,Summary!$B6,'53'!E:E) -> 0
A7: =A6+1 -> 4 | B7: FA215 | D7: =S7+T7+U7+V7+W7 -> 0 | E7: =X7+Y7+Z7+AA7 -> 0 | F7: =AB7+AC7+AD7+AE7 -> 0 | G7: =AF7+AG7+AH7+AI7+AJ7 -> 0 | H7: =AK7+AL7+AM7+AN7 -> 0 | I7: =AO7+AP7+AQ7+AR7 -> #REF! | J7: =AS7+AT7+AU7+AV7+AW7 -> #REF! | K7: =AX7+AY7+AZ7+BA7 -> 0 | L7: =BB7+BC7+BD7+BE7 -> 0 | M7: =BF7+BG7+BH7+BI7+BJ7 -> 0 | N7: =BK7+BL7+BM7+BN7 -> 0 | O7: =BO7+BP7+BQ7+BR7+BS7 -> 0 | P7: =(SUM(S7:BS7)) -> #REF! | R7: =IF(Q7>P7,Q7-P7,0) -> #REF! | S7: =SUMIF('01'!D:D,Summary!$B7,'01'!E:E) -> 0 | T7: =SUMIF('02'!D:D,Summary!$B7,'02'!E:E) -> 0 | U7: =SUMIF('03'!D:D,Summary!$B7,'03'!E:E) -> 0 | V7: =SUMIF('04'!D:D,Summary!$B7,'04'!E:E) -> 0 | W7: =SUMIF('05'!D:D,Summary!$B7,'05'!E:E) -> 0 | X7: =SUMIF('06'!D:D,Summary!$B7,'06'!E:E) -> 0 | Y7: =SUMIF('07'!D:D,Summary!$B7,'07'!E:E) -> 0 | Z7: =SUMIF('08'!D:D,Summary!$B7,'08'!E:E) -> 0 | AA7: =SUMIF('09'!D:D,Summary!$B7,'09'!E:E) -> 0 | AB7: =SUMIF('10'!D:D,Summary!$B7,'10'!E:E) -> 0 | AC7: =SUMIF('11'!D:D,Summary!$B7,'11'!E:E) -> 0 | AD7: =SUMIF('12'!D:D,Summary!$B7,'12'!E:E) -> 0 | AE7: =SUMIF('13'!D:D,Summary!$B7,'13'!E:E) -> 0 | AF7: =SUMIF('14'!D:D,Summary!$B7,'14'!E:E) -> 0 | AG7: =SUMIF('15'!D:D,Summary!$B7,'15'!E:E) -> 0 | AH7: =SUMIF('16'!D:D,Summary!$B7,'16'!E:E) -> 0 | AI7: =SUMIF('17'!D:D,Summary!$B7,'17'!E:E) -> 0 | AJ7: =SUMIF('18'!D:D,Summary!$B7,'18'!E:E) -> 0 | AK7: =SUMIF('19'!D:D,Summary!$B7,'19'!E:E) -> 0 | AL7: =SUMIF('20'!D:D,Summary!$B7,'20'!E:E) -> 0 | AM7: =SUMIF('21'!D:D,Summary!$B7,'21'!E:E) -> 0 | AN7: =SUMIF('22'!D:D,Summary!$B7,'22'!$E:$E) -> 0 | AO7: =SUMIF(#REF!,Summary!$B7,#REF!) -> #REF! | AP7: =SUMIF(#REF!,Summary!$B7,#REF!) -> #REF! | AQ7: =SUMIF(#REF!,Summary!$B7,#REF!) -> #REF! | AR7: =SUMIF(#REF!,Summary!$B7,#REF!) -> #REF! | AS7: =SUMIF(#REF!,Summary!$B7,#REF!) -> #REF! | AT7: =SUMIF('28'!D:D,Summary!$B7,'28'!E:E) -> 0 | AU7: =SUMIF('29'!D:D,Summary!$B7,'29'!E:E) -> 0 | AV7: =SUMIF('30'!D:D,Summary!$B7,'30'!E:E) -> 0 | AW7: =SUMIF('31'!D:D,Summary!$B7,'31'!E:E) -> 0 | AX7: =SUMIF('32'!D:D,Summary!$B7,'32'!E:E) -> 0 | AY7: =SUMIF('33'!D:D,Summary!$B7,'33'!E:E) -> 0 | AZ7: =SUMIF('34'!D:D,Summary!$B7,'34'!E:E) -> 0 | BA7: =SUMIF('35'!D:D,Summary!$B7,'35'!E:E) -> 0 | BB7: =SUMIF('36'!D:D,Summary!$B7,'36'!E:E) -> 0 | BC7: =SUMIF('37'!D:D,Summary!$B7,'37'!E:E) -> 0 | BD7: =SUMIF('38'!D:D,Summary!$B7,'38'!E:E) -> 0 | BE7: =SUMIF('39'!D:D,Summary!$B7,'39'!E:E) -> 0 | BF7: =SUMIF('40'!D:D,Summary!$B7,'40'!E:E) -> 0 | BG7: =SUMIF('41'!D:D,Summary!$B7,'41'!E:E) -> 0 | BH7: =SUMIF('42'!D:D,Summary!$B7,'42'!E:E) -> 0 | BI7: =SUMIF('43'!D:D,Summary!$B7,'43'!E:E) -> 0 | BJ7: =SUMIF('44'!D:D,Summary!$B7,'44'!E:E) -> 0 | BK7: =SUMIF('45'!D:D,Summary!$B7,'45'!E:E) -> 0 | BL7: =SUMIF('46'!D:D,Summary!$B7,'46'!E:E) -> 0 | BM7: =SUMIF('47'!D:D,Summary!$B7,'47'!E:E) -> 0 | BN7: =SUMIF('48'!D:D,Summary!$B7,'48'!E:E) -> 0 | BO7: =SUMIF('49'!D:D,Summary!$B7,'49'!E:E) -> 0 | BP7: =SUMIF('50'!D:D,Summary!$B7,'50'!E:E) -> 0 | BQ7: =SUMIF('51'!D:D,Summary!$B7,'51'!E:E) -> 0 | BR7: =SUMIF('52'!D:D,Summary!$B7,'52'!E:E) -> 0 | BS7: =SUMIF('53'!D:D,Summary!$B7,'53'!E:E) -> 0
A8: =A7+1 -> 5 | B8: FA229 | D8: =S8+T8+U8+V8+W8 -> 0 | E8: =X8+Y8+Z8+AA8 -> 0 | F8: =AB8+AC8+AD8+AE8 -> 0 | G8: =AF8+AG8+AH8+AI8+AJ8 -> 0 | H8: =AK8+AL8+AM8+AN8 -> 0 | I8: =AO8+AP8+AQ8+AR8 -> #REF! | J8: =AS8+AT8+AU8+AV8+AW8 -> #REF! | K8: =AX8+AY8+AZ8+BA8 -> 0 | L8: =BB8+BC8+BD8+BE8 -> 0 | M8: =BF8+BG8+BH8+BI8+BJ8 -> 0 | N8: =BK8+BL8+BM8+BN8 -> 0 | O8: =BO8+BP8+BQ8+BR8+BS8 -> 0 | P8: =(SUM(S8:BS8)) -> #REF! | R8: =IF(Q8>P8,Q8-P8,0) -> #REF! | S8: =SUMIF('01'!D:D,Summary!$B8,'01'!E:E) -> 0 | T8: =SUMIF('02'!D:D,Summary!$B8,'02'!E:E) -> 0 | U8: =SUMIF('03'!D:D,Summary!$B8,'03'!E:E) -> 0 | V8: =SUMIF('04'!D:D,Summary!$B8,'04'!E:E) -> 0 | W8: =SUMIF('05'!D:D,Summary!$B8,'05'!E:E) -> 0 | X8: =SUMIF('06'!D:D,Summary!$B8,'06'!E:E) -> 0 | Y8: =SUMIF('07'!D:D,Summary!$B8,'07'!E:E) -> 0 | Z8: =SUMIF('08'!D:D,Summary!$B8,'08'!E:E) -> 0 | AA8: =SUMIF('09'!D:D,Summary!$B8,'09'!E:E) -> 0 | AB8: =SUMIF('10'!D:D,Summary!$B8,'10'!E:E) -> 0 | AC8: =SUMIF('11'!D:D,Summary!$B8,'11'!E:E) -> 0 | AD8: =SUMIF('12'!D:D,Summary!$B8,'12'!E:E) -> 0 | AE8: =SUMIF('13'!D:D,Summary!$B8,'13'!E:E) -> 0 | AF8: =SUMIF('14'!D:D,Summary!$B8,'14'!E:E) -> 0 | AG8: =SUMIF('15'!D:D,Summary!$B8,'15'!E:E) -> 0 | AH8: =SUMIF('16'!D:D,Summary!$B8,'16'!E:E) -> 0 | AI8: =SUMIF('17'!D:D,Summary!$B8,'17'!E:E) -> 0 | AJ8: =SUMIF('18'!D:D,Summary!$B8,'18'!E:E) -> 0 | AK8: =SUMIF('19'!D:D,Summary!$B8,'19'!E:E) -> 0 | AL8: =SUMIF('20'!D:D,Summary!$B8,'20'!E:E) -> 0 | AM8: =SUMIF('21'!D:D,Summary!$B8,'21'!E:E) -> 0 | AN8: =SUMIF('22'!D:D,Summary!$B8,'22'!$E:$E) -> 0 | AO8: =SUMIF(#REF!,Summary!$B8,#REF!) -> #REF! | AP8: =SUMIF(#REF!,Summary!$B8,#REF!) -> #REF! | AQ8: =SUMIF(#REF!,Summary!$B8,#REF!) -> #REF! | AR8: =SUMIF(#REF!,Summary!$B8,#REF!) -> #REF! | AS8: =SUMIF(#REF!,Summary!$B8,#REF!) -> #REF! | AT8: =SUMIF('28'!D:D,Summary!$B8,'28'!E:E) -> 0 | AU8: =SUMIF('29'!D:D,Summary!$B8,'29'!E:E) -> 0 | AV8: =SUMIF('30'!D:D,Summary!$B8,'30'!E:E) -> 0 | AW8: =SUMIF('31'!D:D,Summary!$B8,'31'!E:E) -> 0 | AX8: =SUMIF('32'!D:D,Summary!$B8,'32'!E:E) -> 0 | AY8: =SUMIF('33'!D:D,Summary!$B8,'33'!E:E) -> 0 | AZ8: =SUMIF('34'!D:D,Summary!$B8,'34'!E:E) -> 0 | BA8: =SUMIF('35'!D:D,Summary!$B8,'35'!E:E) -> 0 | BB8: =SUMIF('36'!D:D,Summary!$B8,'36'!E:E) -> 0 | BC8: =SUMIF('37'!D:D,Summary!$B8,'37'!E:E) -> 0 | BD8: =SUMIF('38'!D:D,Summary!$B8,'38'!E:E) -> 0 | BE8: =SUMIF('39'!D:D,Summary!$B8,'39'!E:E) -> 0 | BF8: =SUMIF('40'!D:D,Summary!$B8,'40'!E:E) -> 0 | BG8: =SUMIF('41'!D:D,Summary!$B8,'41'!E:E) -> 0 | BH8: =SUMIF('42'!D:D,Summary!$B8,'42'!E:E) -> 0 | BI8: =SUMIF('43'!D:D,Summary!$B8,'43'!E:E) -> 0 | BJ8: =SUMIF('44'!D:D,Summary!$B8,'44'!E:E) -> 0 | BK8: =SUMIF('45'!D:D,Summary!$B8,'45'!E:E) -> 0 | BL8: =SUMIF('46'!D:D,Summary!$B8,'46'!E:E) -> 0 | BM8: =SUMIF('47'!D:D,Summary!$B8,'47'!E:E) -> 0 | BN8: =SUMIF('48'!D:D,Summary!$B8,'48'!E:E) -> 0 | BO8: =SUMIF('49'!D:D,Summary!$B8,'49'!E:E) -> 0 | BP8: =SUMIF('50'!D:D,Summary!$B8,'50'!E:E) -> 0 | BQ8: =SUMIF('51'!D:D,Summary!$B8,'51'!E:E) -> 0 | BR8: =SUMIF('52'!D:D,Summary!$B8,'52'!E:E) -> 0 | BS8: =SUMIF('53'!D:D,Summary!$B8,'53'!E:E) -> 0
A9: =A8+1 -> 6 | B9: FA232 | D9: =S9+T9+U9+V9+W9 -> 0 | E9: =X9+Y9+Z9+AA9 -> 0 | F9: =AB9+AC9+AD9+AE9 -> 0 | G9: =AF9+AG9+AH9+AI9+AJ9 -> 0 | H9: =AK9+AL9+AM9+AN9 -> 0 | I9: =AO9+AP9+AQ9+AR9 -> #REF! | J9: =AS9+AT9+AU9+AV9+AW9 -> #REF! | K9: =AX9+AY9+AZ9+BA9 -> 0 | L9: =BB9+BC9+BD9+BE9 -> 0 | M9: =BF9+BG9+BH9+BI9+BJ9 -> 0 | N9: =BK9+BL9+BM9+BN9 -> 0 | O9: =BO9+BP9+BQ9+BR9+BS9 -> 0 | P9: =(SUM(S9:BS9)) -> #REF! | R9: =IF(Q9>P9,Q9-P9,0) -> #REF! | S9: =SUMIF('01'!D:D,Summary!$B9,'01'!E:E) -> 0 | T9: =SUMIF('02'!D:D,Summary!$B9,'02'!E:E) -> 0 | U9: =SUMIF('03'!D:D,Summary!$B9,'03'!E:E) -> 0 | V9: =SUMIF('04'!D:D,Summary!$B9,'04'!E:E) -> 0 | W9: =SUMIF('05'!D:D,Summary!$B9,'05'!E:E) -> 0 | X9: =SUMIF('06'!D:D,Summary!$B9,'06'!E:E) -> 0 | Y9: =SUMIF('07'!D:D,Summary!$B9,'07'!E:E) -> 0 | Z9: =SUMIF('08'!D:D,Summary!$B9,'08'!E:E) -> 0 | AA9: =SUMIF('09'!D:D,Summary!$B9,'09'!E:E) -> 0 | AB9: =SUMIF('10'!D:D,Summary!$B9,'10'!E:E) -> 0 | AC9: =SUMIF('11'!D:D,Summary!$B9,'11'!E:E) -> 0 | AD9: =SUMIF('12'!D:D,Summary!$B9,'12'!E:E) -> 0 | AE9: =SUMIF('13'!D:D,Summary!$B9,'13'!E:E) -> 0 | AF9: =SUMIF('14'!D:D,Summary!$B9,'14'!E:E) -> 0 | AG9: =SUMIF('15'!D:D,Summary!$B9,'15'!E:E) -> 0 | AH9: =SUMIF('16'!D:D,Summary!$B9,'16'!E:E) -> 0 | AI9: =SUMIF('17'!D:D,Summary!$B9,'17'!E:E) -> 0 | AJ9: =SUMIF('18'!D:D,Summary!$B9,'18'!E:E) -> 0 | AK9: =SUMIF('19'!D:D,Summary!$B9,'19'!E:E) -> 0 | AL9: =SUMIF('20'!D:D,Summary!$B9,'20'!E:E) -> 0 | AM9: =SUMIF('21'!D:D,Summary!$B9,'21'!E:E) -> 0 | AN9: =SUMIF('22'!D:D,Summary!$B9,'22'!$E:$E) -> 0 | AO9: =SUMIF(#REF!,Summary!$B9,#REF!) -> #REF! | AP9: =SUMIF(#REF!,Summary!$B9,#REF!) -> #REF! | AQ9: =SUMIF(#REF!,Summary!$B9,#REF!) -> #REF! | AR9: =SUMIF(#REF!,Summary!$B9,#REF!) -> #REF! | AS9: =SUMIF(#REF!,Summary!$B9,#REF!) -> #REF! | AT9: =SUMIF('28'!D:D,Summary!$B9,'28'!E:E) -> 0 | AU9: =SUMIF('29'!D:D,Summary!$B9,'29'!E:E) -> 0 | AV9: =SUMIF('30'!D:D,Summary!$B9,'30'!E:E) -> 0 | AW9: =SUMIF('31'!D:D,Summary!$B9,'31'!E:E) -> 0 | AX9: =SUMIF('32'!D:D,Summary!$B9,'32'!E:E) -> 0 | AY9: =SUMIF('33'!D:D,Summary!$B9,'33'!E:E) -> 0 | AZ9: =SUMIF('34'!D:D,Summary!$B9,'34'!E:E) -> 0 | BA9: =SUMIF('35'!D:D,Summary!$B9,'35'!E:E) -> 0 | BB9: =SUMIF('36'!D:D,Summary!$B9,'36'!E:E) -> 0 | BC9: =SUMIF('37'!D:D,Summary!$B9,'37'!E:E) -> 0 | BD9: =SUMIF('38'!D:D,Summary!$B9,'38'!E:E) -> 0 | BE9: =SUMIF('39'!D:D,Summary!$B9,'39'!E:E) -> 0 | BF9: =SUMIF('40'!D:D,Summary!$B9,'40'!E:E) -> 0 | BG9: =SUMIF('41'!D:D,Summary!$B9,'41'!E:E) -> 0 | BH9: =SUMIF('42'!D:D,Summary!$B9,'42'!E:E) -> 0 | BI9: =SUMIF('43'!D:D,Summary!$B9,'43'!E:E) -> 0 | BJ9: =SUMIF('44'!D:D,Summary!$B9,'44'!E:E) -> 0 | BK9: =SUMIF('45'!D:D,Summary!$B9,'45'!E:E) -> 0 | BL9: =SUMIF('46'!D:D,Summary!$B9,'46'!E:E) -> 0 | BM9: =SUMIF('47'!D:D,Summary!$B9,'47'!E:E) -> 0 | BN9: =SUMIF('48'!D:D,Summary!$B9,'48'!E:E) -> 0 | BO9: =SUMIF('49'!D:D,Summary!$B9,'49'!E:E) -> 0 | BP9: =SUMIF('50'!D:D,Summary!$B9,'50'!E:E) -> 0 | BQ9: =SUMIF('51'!D:D,Summary!$B9,'51'!E:E) -> 0 | BR9: =SUMIF('52'!D:D,Summary!$B9,'52'!E:E) -> 0 | BS9: =SUMIF('53'!D:D,Summary!$B9,'53'!E:E) -> 0
A10: =A9+1 -> 7 | B10: FA236 | D10: =S10+T10+U10+V10+W10 -> 0 | E10: =X10+Y10+Z10+AA10 -> 0 | F10: =AB10+AC10+AD10+AE10 -> 0 | G10: =AF10+AG10+AH10+AI10+AJ10 -> 0 | H10: =AK10+AL10+AM10+AN10 -> 0 | I10: =AO10+AP10+AQ10+AR10 -> #REF! | J10: =AS10+AT10+AU10+AV10+AW10 -> #REF! | K10: =AX10+AY10+AZ10+BA10 -> 0 | L10: =BB10+BC10+BD10+BE10 -> 0 | M10: =BF10+BG10+BH10+BI10+BJ10 -> 0 | N10: =BK10+BL10+BM10+BN10 -> 0 | O10: =BO10+BP10+BQ10+BR10+BS10 -> 0 | P10: =(SUM(S10:BS10)) -> #REF! | R10: =IF(Q10>P10,Q10-P10,0) -> #REF! | S10: =SUMIF('01'!D:D,Summary!$B10,'01'!E:E) -> 0 | T10: =SUMIF('02'!D:D,Summary!$B10,'02'!E:E) -> 0 | U10: =SUMIF('03'!D:D,Summary!$B10,'03'!E:E) -> 0 | V10: =SUMIF('04'!D:D,Summary!$B10,'04'!E:E) -> 0 | W10: =SUMIF('05'!D:D,Summary!$B10,'05'!E:E) -> 0 | X10: =SUMIF('06'!D:D,Summary!$B10,'06'!E:E) -> 0 | Y10: =SUMIF('07'!D:D,Summary!$B10,'07'!E:E) -> 0 | Z10: =SUMIF('08'!D:D,Summary!$B10,'08'!E:E) -> 0 | AA10: =SUMIF('09'!D:D,Summary!$B10,'09'!E:E) -> 0 | AB10: =SUMIF('10'!D:D,Summary!$B10,'10'!E:E) -> 0 | AC10: =SUMIF('11'!D:D,Summary!$B10,'11'!E:E) -> 0 | AD10: =SUMIF('12'!D:D,Summary!$B10,'12'!E:E) -> 0 | AE10: =SUMIF('13'!D:D,Summary!$B10,'13'!E:E) -> 0 | AF10: =SUMIF('14'!D:D,Summary!$B10,'14'!E:E) -> 0 | AG10: =SUMIF('15'!D:D,Summary!$B10,'15'!E:E) -> 0 | AH10: =SUMIF('16'!D:D,Summary!$B10,'16'!E:E) -> 0 | AI10: =SUMIF('17'!D:D,Summary!$B10,'17'!E:E) -> 0 | AJ10: =SUMIF('18'!D:D,Summary!$B10,'18'!E:E) -> 0 | AK10: =SUMIF('19'!D:D,Summary!$B10,'19'!E:E) -> 0 | AL10: =SUMIF('20'!D:D,Summary!$B10,'20'!E:E) -> 0 | AM10: =SUMIF('21'!D:D,Summary!$B10,'21'!E:E) -> 0 | AN10: =SUMIF('22'!D:D,Summary!$B10,'22'!$E:$E) -> 0 | AO10: =SUMIF(#REF!,Summary!$B10,#REF!) -> #REF! | AP10: =SUMIF(#REF!,Summary!$B10,#REF!) -> #REF! | AQ10: =SUMIF(#REF!,Summary!$B10,#REF!) -> #REF! | AR10: =SUMIF(#REF!,Summary!$B10,#REF!) -> #REF! | AS10: =SUMIF(#REF!,Summary!$B10,#REF!) -> #REF! | AT10: =SUMIF('28'!D:D,Summary!$B10,'28'!E:E) -> 0 | AU10: =SUMIF('29'!D:D,Summary!$B10,'29'!E:E) -> 0 | AV10: =SUMIF('30'!D:D,Summary!$B10,'30'!E:E) -> 0 | AW10: =SUMIF('31'!D:D,Summary!$B10,'31'!E:E) -> 0 | AX10: =SUMIF('32'!D:D,Summary!$B10,'32'!E:E) -> 0 | AY10: =SUMIF('33'!D:D,Summary!$B10,'33'!E:E) -> 0 | AZ10: =SUMIF('34'!D:D,Summary!$B10,'34'!E:E) -> 0 | BA10: =SUMIF('35'!D:D,Summary!$B10,'35'!E:E) -> 0 | BB10: =SUMIF('36'!D:D,Summary!$B10,'36'!E:E) -> 0 | BC10: =SUMIF('37'!D:D,Summary!$B10,'37'!E:E) -> 0 | BD10: =SUMIF('38'!D:D,Summary!$B10,'38'!E:E) -> 0 | BE10: =SUMIF('39'!D:D,Summary!$B10,'39'!E:E) -> 0 | BF10: =SUMIF('40'!D:D,Summary!$B10,'40'!E:E) -> 0 | BG10: =SUMIF('41'!D:D,Summary!$B10,'41'!E:E) -> 0 | BH10: =SUMIF('42'!D:D,Summary!$B10,'42'!E:E) -> 0 | BI10: =SUMIF('43'!D:D,Summary!$B10,'43'!E:E) -> 0 | BJ10: =SUMIF('44'!D:D,Summary!$B10,'44'!E:E) -> 0 | BK10: =SUMIF('45'!D:D,Summary!$B10,'45'!E:E) -> 0 | BL10: =SUMIF('46'!D:D,Summary!$B10,'46'!E:E) -> 0 | BM10: =SUMIF('47'!D:D,Summary!$B10,'47'!E:E) -> 0 | BN10: =SUMIF('48'!D:D,Summary!$B10,'48'!E:E) -> 0 | BO10: =SUMIF('49'!D:D,Summary!$B10,'49'!E:E) -> 0 | BP10: =SUMIF('50'!D:D,Summary!$B10,'50'!E:E) -> 0 | BQ10: =SUMIF('51'!D:D,Summary!$B10,'51'!E:E) -> 0 | BR10: =SUMIF('52'!D:D,Summary!$B10,'52'!E:E) -> 0 | BS10: =SUMIF('53'!D:D,Summary!$B10,'53'!E:E) -> 0
A11: =A10+1 -> 8 | B11: FA238 | D11: =S11+T11+U11+V11+W11 -> 384 | E11: =X11+Y11+Z11+AA11 -> 344 | F11: =AB11+AC11+AD11+AE11 -> 96 | G11: =AF11+AG11+AH11+AI11+AJ11 -> 0 | H11: =AK11+AL11+AM11+AN11 -> 240 | I11: =AO11+AP11+AQ11+AR11 -> #REF! | J11: =AS11+AT11+AU11+AV11+AW11 -> #REF! | K11: =AX11+AY11+AZ11+BA11 -> 0 | L11: =BB11+BC11+BD11+BE11 -> 0 | M11: =BF11+BG11+BH11+BI11+BJ11 -> 0 | N11: =BK11+BL11+BM11+BN11 -> 0 | O11: =BO11+BP11+BQ11+BR11+BS11 -> 0 | P11: =(SUM(S11:BS11)) -> #REF! | R11: =IF(Q11>P11,Q11-P11,0) -> #REF! | S11: =SUMIF('01'!D:D,Summary!$B11,'01'!E:E) -> 40 | T11: =SUMIF('02'!D:D,Summary!$B11,'02'!E:E) -> 88 | U11: =SUMIF('03'!D:D,Summary!$B11,'03'!E:E) -> 136 | V11: =SUMIF('04'!D:D,Summary!$B11,'04'!E:E) -> 88 | W11: =SUMIF('05'!D:D,Summary!$B11,'05'!E:E) -> 32 | X11: =SUMIF('06'!D:D,Summary!$B11,'06'!E:E) -> 96 | Y11: =SUMIF('07'!D:D,Summary!$B11,'07'!E:E) -> 96 | Z11: =SUMIF('08'!D:D,Summary!$B11,'08'!E:E) -> 96 | AA11: =SUMIF('09'!D:D,Summary!$B11,'09'!E:E) -> 56 | AB11: =SUMIF('10'!D:D,Summary!$B11,'10'!E:E) -> 48 | AC11: =SUMIF('11'!D:D,Summary!$B11,'11'!E:E) -> 48 | AD11: =SUMIF('12'!D:D,Summary!$B11,'12'!E:E) -> 0 | AE11: =SUMIF('13'!D:D,Summary!$B11,'13'!E:E) -> 0 | AF11: =SUMIF('14'!D:D,Summary!$B11,'14'!E:E) -> 0 | AG11: =SUMIF('15'!D:D,Summary!$B11,'15'!E:E) -> 0 | AH11: =SUMIF('16'!D:D,Summary!$B11,'16'!E:E) -> 0 | AI11: =SUMIF('17'!D:D,Summary!$B11,'17'!E:E) -> 0 | AJ11: =SUMIF('18'!D:D,Summary!$B11,'18'!E:E) -> 0 | AK11: =SUMIF('19'!D:D,Summary!$B11,'19'!E:E) -> 48 | AL11: =SUMIF('20'!D:D,Summary!$B11,'20'!E:E) -> 48 | AM11: =SUMIF('21'!D:D,Summary!$B11,'21'!E:E) -> 48 | AN11: =SUMIF('22'!D:D,Summary!$B11,'22'!$E:$E) -> 96 | AO11: =SUMIF(#REF!,Summary!$B11,#REF!) -> #REF! | AP11: =SUMIF(#REF!,Summary!$B11,#REF!) -> #REF! | AQ11: =SUMIF(#REF!,Summary!$B11,#REF!) -> #REF! | AR11: =SUMIF(#REF!,Summary!$B11,#REF!) -> #REF! | AS11: =SUMIF(#REF!,Summary!$B11,#REF!) -> #REF! | AT11: =SUMIF('28'!D:D,Summary!$B11,'28'!E:E) -> 0 | AU11: =SUMIF('29'!D:D,Summary!$B11,'29'!E:E) -> 0 | AV11: =SUMIF('30'!D:D,Summary!$B11,'30'!E:E) -> 0 | AW11: =SUMIF('31'!D:D,Summary!$B11,'31'!E:E) -> 0 | AX11: =SUMIF('32'!D:D,Summary!$B11,'32'!E:E) -> 0 | AY11: =SUMIF('33'!D:D,Summary!$B11,'33'!E:E) -> 0 | AZ11: =SUMIF('34'!D:D,Summary!$B11,'34'!E:E) -> 0 | BA11: =SUMIF('35'!D:D,Summary!$B11,'35'!E:E) -> 0 | BB11: =SUMIF('36'!D:D,Summary!$B11,'36'!E:E) -> 0 | BC11: =SUMIF('37'!D:D,Summary!$B11,'37'!E:E) -> 0 | BD11: =SUMIF('38'!D:D,Summary!$B11,'38'!E:E) -> 0 | BE11: =SUMIF('39'!D:D,Summary!$B11,'39'!E:E) -> 0 | BF11: =SUMIF('40'!D:D,Summary!$B11,'40'!E:E) -> 0 | BG11: =SUMIF('41'!D:D,Summary!$B11,'41'!E:E) -> 0 | BH11: =SUMIF('42'!D:D,Summary!$B11,'42'!E:E) -> 0 | BI11: =SUMIF('43'!D:D,Summary!$B11,'43'!E:E) -> 0 | BJ11: =SUMIF('44'!D:D,Summary!$B11,'44'!E:E) -> 0 | BK11: =SUMIF('45'!D:D,Summary!$B11,'45'!E:E) -> 0 | BL11: =SUMIF('46'!D:D,Summary!$B11,'46'!E:E) -> 0 | BM11: =SUMIF('47'!D:D,Summary!$B11,'47'!E:E) -> 0 | BN11: =SUMIF('48'!D:D,Summary!$B11,'48'!E:E) -> 0 | BO11: =SUMIF('49'!D:D,Summary!$B11,'49'!E:E) -> 0 | BP11: =SUMIF('50'!D:D,Summary!$B11,'50'!E:E) -> 0 | BQ11: =SUMIF('51'!D:D,Summary!$B11,'51'!E:E) -> 0 | BR11: =SUMIF('52'!D:D,Summary!$B11,'52'!E:E) -> 0 | BS11: =SUMIF('53'!D:D,Summary!$B11,'53'!E:E) -> 0
A12: =A11+1 -> 9 | B12: FA240 | D12: =S12+T12+U12+V12+W12 -> 0 | E12: =X12+Y12+Z12+AA12 -> 200 | F12: =AB12+AC12+AD12+AE12 -> 96 | G12: =AF12+AG12+AH12+AI12+AJ12 -> 0 | H12: =AK12+AL12+AM12+AN12 -> 0 | I12: =AO12+AP12+AQ12+AR12 -> #REF! | J12: =AS12+AT12+AU12+AV12+AW12 -> #REF! | K12: =AX12+AY12+AZ12+BA12 -> 0 | L12: =BB12+BC12+BD12+BE12 -> 0 | M12: =BF12+BG12+BH12+BI12+BJ12 -> 0 | N12: =BK12+BL12+BM12+BN12 -> 0 | O12: =BO12+BP12+BQ12+BR12+BS12 -> 0 | P12: =(SUM(S12:BS12)) -> #REF! | R12: =IF(Q12>P12,Q12-P12,0) -> #REF! | S12: =SUMIF('01'!D:D,Summary!$B12,'01'!E:E) -> 0 | T12: =SUMIF('02'!D:D,Summary!$B12,'02'!E:E) -> 0 | U12: =SUMIF('03'!D:D,Summary!$B12,'03'!E:E) -> 0 | V12: =SUMIF('04'!D:D,Summary!$B12,'04'!E:E) -> 0 | W12: =SUMIF('05'!D:D,Summary!$B12,'05'!E:E) -> 0 | X12: =SUMIF('06'!D:D,Summary!$B12,'06'!E:E) -> 48 | Y12: =SUMIF('07'!D:D,Summary!$B12,'07'!E:E) -> 48 | Z12: =SUMIF('08'!D:D,Summary!$B12,'08'!E:E) -> 48 | AA12: =SUMIF('09'!D:D,Summary!$B12,'09'!E:E) -> 56 | AB12: =SUMIF('10'!D:D,Summary!$B12,'10'!E:E) -> 48 | AC12: =SUMIF('11'!D:D,Summary!$B12,'11'!E:E) -> 48 | AD12: =SUMIF('12'!D:D,Summary!$B12,'12'!E:E) -> 0 | AE12: =SUMIF('13'!D:D,Summary!$B12,'13'!E:E) -> 0 | AF12: =SUMIF('14'!D:D,Summary!$B12,'14'!E:E) -> 0 | AG12: =SUMIF('15'!D:D,Summary!$B12,'15'!E:E) -> 0 | AH12: =SUMIF('16'!D:D,Summary!$B12,'16'!E:E) -> 0 | AI12: =SUMIF('17'!D:D,Summary!$B12,'17'!E:E) -> 0 | AJ12: =SUMIF('18'!D:D,Summary!$B12,'18'!E:E) -> 0 | AK12: =SUMIF('19'!D:D,Summary!$B12,'19'!E:E) -> 0 | AL12: =SUMIF('20'!D:D,Summary!$B12,'20'!E:E) -> 0 | AM12: =SUMIF('21'!D:D,Summary!$B12,'21'!E:E) -> 0 | AN12: =SUMIF('22'!D:D,Summary!$B12,'22'!$E:$E) -> 0 | AO12: =SUMIF(#REF!,Summary!$B12,#REF!) -> #REF! | AP12: =SUMIF(#REF!,Summary!$B12,#REF!) -> #REF! | AQ12: =SUMIF(#REF!,Summary!$B12,#REF!) -> #REF! | AR12: =SUMIF(#REF!,Summary!$B12,#REF!) -> #REF! | AS12: =SUMIF(#REF!,Summary!$B12,#REF!) -> #REF! | AT12: =SUMIF('28'!D:D,Summary!$B12,'28'!E:E) -> 0 | AU12: =SUMIF('29'!D:D,Summary!$B12,'29'!E:E) -> 0 | AV12: =SUMIF('30'!D:D,Summary!$B12,'30'!E:E) -> 0 | AW12: =SUMIF('31'!D:D,Summary!$B12,'31'!E:E) -> 0 | AX12: =SUMIF('32'!D:D,Summary!$B12,'32'!E:E) -> 0 | AY12: =SUMIF('33'!D:D,Summary!$B12,'33'!E:E) -> 0 | AZ12: =SUMIF('34'!D:D,Summary!$B12,'34'!E:E) -> 0 | BA12: =SUMIF('35'!D:D,Summary!$B12,'35'!E:E) -> 0 | BB12: =SUMIF('36'!D:D,Summary!$B12,'36'!E:E) -> 0 | BC12: =SUMIF('37'!D:D,Summary!$B12,'37'!E:E) -> 0 | BD12: =SUMIF('38'!D:D,Summary!$B12,'38'!E:E) -> 0 | BE12: =SUMIF('39'!D:D,Summary!$B12,'39'!E:E) -> 0 | BF12: =SUMIF('40'!D:D,Summary!$B12,'40'!E:E) -> 0 | BG12: =SUMIF('41'!D:D,Summary!$B12,'41'!E:E) -> 0 | BH12: =SUMIF('42'!D:D,Summary!$B12,'42'!E:E) -> 0 | BI12: =SUMIF('43'!D:D,Summary!$B12,'43'!E:E) -> 0 | BJ12: =SUMIF('44'!D:D,Summary!$B12,'44'!E:E) -> 0 | BK12: =SUMIF('45'!D:D,Summary!$B12,'45'!E:E) -> 0 | BL12: =SUMIF('46'!D:D,Summary!$B12,'46'!E:E) -> 0 | BM12: =SUMIF('47'!D:D,Summary!$B12,'47'!E:E) -> 0 | BN12: =SUMIF('48'!D:D,Summary!$B12,'48'!E:E) -> 0 | BO12: =SUMIF('49'!D:D,Summary!$B12,'49'!E:E) -> 0 | BP12: =SUMIF('50'!D:D,Summary!$B12,'50'!E:E) -> 0 | BQ12: =SUMIF('51'!D:D,Summary!$B12,'51'!E:E) -> 0 | BR12: =SUMIF('52'!D:D,Summary!$B12,'52'!E:E) -> 0 | BS12: =SUMIF('53'!D:D,Summary!$B12,'53'!E:E) -> 0
A13: =A12+1 -> 10 | B13: FA241 | D13: =S13+T13+U13+V13+W13 -> 328 | E13: =X13+Y13+Z13+AA13 -> 392 | F13: =AB13+AC13+AD13+AE13 -> 96 | G13: =AF13+AG13+AH13+AI13+AJ13 -> 0 | H13: =AK13+AL13+AM13+AN13 -> 0 | I13: =AO13+AP13+AQ13+AR13 -> #REF! | J13: =AS13+AT13+AU13+AV13+AW13 -> #REF! | K13: =AX13+AY13+AZ13+BA13 -> 0 | L13: =BB13+BC13+BD13+BE13 -> 0 | M13: =BF13+BG13+BH13+BI13+BJ13 -> 0 | N13: =BK13+BL13+BM13+BN13 -> 0 | O13: =BO13+BP13+BQ13+BR13+BS13 -> 0 | P13: =(SUM(S13:BS13)) -> #REF! | R13: =IF(Q13>P13,Q13-P13,0) -> #REF! | S13: =SUMIF('01'!D:D,Summary!$B13,'01'!E:E) -> 48 | T13: =SUMIF('02'!D:D,Summary!$B13,'02'!E:E) -> 96 | U13: =SUMIF('03'!D:D,Summary!$B13,'03'!E:E) -> 96 | V13: =SUMIF('04'!D:D,Summary!$B13,'04'!E:E) -> 48 | W13: =SUMIF('05'!D:D,Summary!$B13,'05'!E:E) -> 40 | X13: =SUMIF('06'!D:D,Summary!$B13,'06'!E:E) -> 96 | Y13: =SUMIF('07'!D:D,Summary!$B13,'07'!E:E) -> 96 | Z13: =SUMIF('08'!D:D,Summary!$B13,'08'!E:E) -> 96 | AA13: =SUMIF('09'!D:D,Summary!$B13,'09'!E:E) -> 104 | AB13: =SUMIF('10'!D:D,Summary!$B13,'10'!E:E) -> 48 | AC13: =SUMIF('11'!D:D,Summary!$B13,'11'!E:E) -> 48 | AD13: =SUMIF('12'!D:D,Summary!$B13,'12'!E:E) -> 0 | AE13: =SUMIF('13'!D:D,Summary!$B13,'13'!E:E) -> 0 | AF13: =SUMIF('14'!D:D,Summary!$B13,'14'!E:E) -> 0 | AG13: =SUMIF('15'!D:D,Summary!$B13,'15'!E:E) -> 0 | AH13: =SUMIF('16'!D:D,Summary!$B13,'16'!E:E) -> 0 | AI13: =SUMIF('17'!D:D,Summary!$B13,'17'!E:E) -> 0 | AJ13: =SUMIF('18'!D:D,Summary!$B13,'18'!E:E) -> 0 | AK13: =SUMIF('19'!D:D,Summary!$B13,'19'!E:E) -> 0 | AL13: =SUMIF('20'!D:D,Summary!$B13,'20'!E:E) -> 0 | AM13: =SUMIF('21'!D:D,Summary!$B13,'21'!E:E) -> 0 | AN13: =SUMIF('22'!D:D,Summary!$B13,'22'!$E:$E) -> 0 | AO13: =SUMIF(#REF!,Summary!$B13,#REF!) -> #REF! | AP13: =SUMIF(#REF!,Summary!$B13,#REF!) -> #REF! | AQ13: =SUMIF(#REF!,Summary!$B13,#REF!) -> #REF! | AR13: =SUMIF(#REF!,Summary!$B13,#REF!) -> #REF! | AS13: =SUMIF(#REF!,Summary!$B13,#REF!) -> #REF! | AT13: =SUMIF('28'!D:D,Summary!$B13,'28'!E:E) -> 0 | AU13: =SUMIF('29'!D:D,Summary!$B13,'29'!E:E) -> 0 | AV13: =SUMIF('30'!D:D,Summary!$B13,'30'!E:E) -> 0 | AW13: =SUMIF('31'!D:D,Summary!$B13,'31'!E:E) -> 0 | AX13: =SUMIF('32'!D:D,Summary!$B13,'32'!E:E) -> 0 | AY13: =SUMIF('33'!D:D,Summary!$B13,'33'!E:E) -> 0 | AZ13: =SUMIF('34'!D:D,Summary!$B13,'34'!E:E) -> 0 | BA13: =SUMIF('35'!D:D,Summary!$B13,'35'!E:E) -> 0 | BB13: =SUMIF('36'!D:D,Summary!$B13,'36'!E:E) -> 0 | BC13: =SUMIF('37'!D:D,Summary!$B13,'37'!E:E) -> 0 | BD13: =SUMIF('38'!D:D,Summary!$B13,'38'!E:E) -> 0 | BE13: =SUMIF('39'!D:D,Summary!$B13,'39'!E:E) -> 0 | BF13: =SUMIF('40'!D:D,Summary!$B13,'40'!E:E) -> 0 | BG13: =SUMIF('41'!D:D,Summary!$B13,'41'!E:E) -> 0 | BH13: =SUMIF('42'!D:D,Summary!$B13,'42'!E:E) -> 0 | BI13: =SUMIF('43'!D:D,Summary!$B13,'43'!E:E) -> 0 | BJ13: =SUMIF('44'!D:D,Summary!$B13,'44'!E:E) -> 0 | BK13: =SUMIF('45'!D:D,Summary!$B13,'45'!E:E) -> 0 | BL13: =SUMIF('46'!D:D,Summary!$B13,'46'!E:E) -> 0 | BM13: =SUMIF('47'!D:D,Summary!$B13,'47'!E:E) -> 0 | BN13: =SUMIF('48'!D:D,Summary!$B13,'48'!E:E) -> 0 | BO13: =SUMIF('49'!D:D,Summary!$B13,'49'!E:E) -> 0 | BP13: =SUMIF('50'!D:D,Summary!$B13,'50'!E:E) -> 0 | BQ13: =SUMIF('51'!D:D,Summary!$B13,'51'!E:E) -> 0 | BR13: =SUMIF('52'!D:D,Summary!$B13,'52'!E:E) -> 0 | BS13: =SUMIF('53'!D:D,Summary!$B13,'53'!E:E) -> 0
A14: =A13+1 -> 11 | B14: FA242 | D14: =S14+T14+U14+V14+W14 -> 0 | E14: =X14+Y14+Z14+AA14 -> 0 | F14: =AB14+AC14+AD14+AE14 -> 0 | G14: =AF14+AG14+AH14+AI14+AJ14 -> 168 | H14: =AK14+AL14+AM14+AN14 -> 0 | I14: =AO14+AP14+AQ14+AR14 -> #REF! | J14: =AS14+AT14+AU14+AV14+AW14 -> #REF! | K14: =AX14+AY14+AZ14+BA14 -> 0 | L14: =BB14+BC14+BD14+BE14 -> 0 | M14: =BF14+BG14+BH14+BI14+BJ14 -> 0 | N14: =BK14+BL14+BM14+BN14 -> 0 | O14: =BO14+BP14+BQ14+BR14+BS14 -> 0 | P14: =(SUM(S14:BS14)) -> #REF! | R14: =IF(Q14>P14,Q14-P14,0) -> #REF! | S14: =SUMIF('01'!D:D,Summary!$B14,'01'!E:E) -> 0 | T14: =SUMIF('02'!D:D,Summary!$B14,'02'!E:E) -> 0 | U14: =SUMIF('03'!D:D,Summary!$B14,'03'!E:E) -> 0 | V14: =SUMIF('04'!D:D,Summary!$B14,'04'!E:E) -> 0 | W14: =SUMIF('05'!D:D,Summary!$B14,'05'!E:E) -> 0 | X14: =SUMIF('06'!D:D,Summary!$B14,'06'!E:E) -> 0 | Y14: =SUMIF('07'!D:D,Summary!$B14,'07'!E:E) -> 0 | Z14: =SUMIF('08'!D:D,Summary!$B14,'08'!E:E) -> 0 | AA14: =SUMIF('09'!D:D,Summary!$B14,'09'!E:E) -> 0 | AB14: =SUMIF('10'!D:D,Summary!$B14,'10'!E:E) -> 0 | AC14: =SUMIF('11'!D:D,Summary!$B14,'11'!E:E) -> 0 | AD14: =SUMIF('12'!D:D,Summary!$B14,'12'!E:E) -> 0 | AE14: =SUMIF('13'!D:D,Summary!$B14,'13'!E:E) -> 0 | AF14: =SUMIF('14'!D:D,Summary!$B14,'14'!E:E) -> 112 | AG14: =SUMIF('15'!D:D,Summary!$B14,'15'!E:E) -> 56 | AH14: =SUMIF('16'!D:D,Summary!$B14,'16'!E:E) -> 0 | AI14: =SUMIF('17'!D:D,Summary!$B14,'17'!E:E) -> 0 | AJ14: =SUMIF('18'!D:D,Summary!$B14,'18'!E:E) -> 0 | AK14: =SUMIF('19'!D:D,Summary!$B14,'19'!E:E) -> 0 | AL14: =SUMIF('20'!D:D,Summary!$B14,'20'!E:E) -> 0 | AM14: =SUMIF('21'!D:D,Summary!$B14,'21'!E:E) -> 0 | AN14: =SUMIF('22'!D:D,Summary!$B14,'22'!$E:$E) -> 0 | AO14: =SUMIF(#REF!,Summary!$B14,#REF!) -> #REF! | AP14: =SUMIF(#REF!,Summary!$B14,#REF!) -> #REF! | AQ14: =SUMIF(#REF!,Summary!$B14,#REF!) -> #REF! | AR14: =SUMIF(#REF!,Summary!$B14,#REF!) -> #REF! | AS14: =SUMIF(#REF!,Summary!$B14,#REF!) -> #REF! | AT14: =SUMIF('28'!D:D,Summary!$B14,'28'!E:E) -> 0 | AU14: =SUMIF('29'!D:D,Summary!$B14,'29'!E:E) -> 0 | AV14: =SUMIF('30'!D:D,Summary!$B14,'30'!E:E) -> 0 | AW14: =SUMIF('31'!D:D,Summary!$B14,'31'!E:E) -> 0 | AX14: =SUMIF('32'!D:D,Summary!$B14,'32'!E:E) -> 0 | AY14: =SUMIF('33'!D:D,Summary!$B14,'33'!E:E) -> 0 | AZ14: =SUMIF('34'!D:D,Summary!$B14,'34'!E:E) -> 0 | BA14: =SUMIF('35'!D:D,Summary!$B14,'35'!E:E) -> 0 | BB14: =SUMIF('36'!D:D,Summary!$B14,'36'!E:E) -> 0 | BC14: =SUMIF('37'!D:D,Summary!$B14,'37'!E:E) -> 0 | BD14: =SUMIF('38'!D:D,Summary!$B14,'38'!E:E) -> 0 | BE14: =SUMIF('39'!D:D,Summary!$B14,'39'!E:E) -> 0 | BF14: =SUMIF('40'!D:D,Summary!$B14,'40'!E:E) -> 0 | BG14: =SUMIF('41'!D:D,Summary!$B14,'41'!E:E) -> 0 | BH14: =SUMIF('42'!D:D,Summary!$B14,'42'!E:E) -> 0 | BI14: =SUMIF('43'!D:D,Summary!$B14,'43'!E:E) -> 0 | BJ14: =SUMIF('44'!D:D,Summary!$B14,'44'!E:E) -> 0 | BK14: =SUMIF('45'!D:D,Summary!$B14,'45'!E:E) -> 0 | BL14: =SUMIF('46'!D:D,Summary!$B14,'46'!E:E) -> 0 | BM14: =SUMIF('47'!D:D,Summary!$B14,'47'!E:E) -> 0 | BN14: =SUMIF('48'!D:D,Summary!$B14,'48'!E:E) -> 0 | BO14: =SUMIF('49'!D:D,Summary!$B14,'49'!E:E) -> 0 | BP14: =SUMIF('50'!D:D,Summary!$B14,'50'!E:E) -> 0 | BQ14: =SUMIF('51'!D:D,Summary!$B14,'51'!E:E) -> 0 | BR14: =SUMIF('52'!D:D,Summary!$B14,'52'!E:E) -> 0 | BS14: =SUMIF('53'!D:D,Summary!$B14,'53'!E:E) -> 0
A15: =A14+1 -> 12 | B15: FA243 | D15: =S15+T15+U15+V15+W15 -> 108 | E15: =X15+Y15+Z15+AA15 -> 32 | F15: =AB15+AC15+AD15+AE15 -> 0 | G15: =AF15+AG15+AH15+AI15+AJ15 -> 0 | H15: =AK15+AL15+AM15+AN15 -> 0 | I15: =AO15+AP15+AQ15+AR15 -> #REF! | J15: =AS15+AT15+AU15+AV15+AW15 -> #REF! | K15: =AX15+AY15+AZ15+BA15 -> 0 | L15: =BB15+BC15+BD15+BE15 -> 0 | M15: =BF15+BG15+BH15+BI15+BJ15 -> 0 | N15: =BK15+BL15+BM15+BN15 -> 0 | O15: =BO15+BP15+BQ15+BR15+BS15 -> 0 | P15: =(SUM(S15:BS15)) -> #REF! | R15: =IF(Q15>P15,Q15-P15,0) -> #REF! | S15: =SUMIF('01'!D:D,Summary!$B15,'01'!E:E) -> 0 | T15: =SUMIF('02'!D:D,Summary!$B15,'02'!E:E) -> 0 | U15: =SUMIF('03'!D:D,Summary!$B15,'03'!E:E) -> 36 | V15: =SUMIF('04'!D:D,Summary!$B15,'04'!E:E) -> 56 | W15: =SUMIF('05'!D:D,Summary!$B15,'05'!E:E) -> 16 | X15: =SUMIF('06'!D:D,Summary!$B15,'06'!E:E) -> 24 | Y15: =SUMIF('07'!D:D,Summary!$B15,'07'!E:E) -> 8 | Z15: =SUMIF('08'!D:D,Summary!$B15,'08'!E:E) -> 0 | AA15: =SUMIF('09'!D:D,Summary!$B15,'09'!E:E) -> 0 | AB15: =SUMIF('10'!D:D,Summary!$B15,'10'!E:E) -> 0 | AC15: =SUMIF('11'!D:D,Summary!$B15,'11'!E:E) -> 0 | AD15: =SUMIF('12'!D:D,Summary!$B15,'12'!E:E) -> 0 | AE15: =SUMIF('13'!D:D,Summary!$B15,'13'!E:E) -> 0 | AF15: =SUMIF('14'!D:D,Summary!$B15,'14'!E:E) -> 0 | AG15: =SUMIF('15'!D:D,Summary!$B15,'15'!E:E) -> 0 | AH15: =SUMIF('16'!D:D,Summary!$B15,'16'!E:E) -> 0 | AI15: =SUMIF('17'!D:D,Summary!$B15,'17'!E:E) -> 0 | AJ15: =SUMIF('18'!D:D,Summary!$B15,'18'!E:E) -> 0 | AK15: =SUMIF('19'!D:D,Summary!$B15,'19'!E:E) -> 0 | AL15: =SUMIF('20'!D:D,Summary!$B15,'20'!E:E) -> 0 | AM15: =SUMIF('21'!D:D,Summary!$B15,'21'!E:E) -> 0 | AN15: =SUMIF('22'!D:D,Summary!$B15,'22'!$E:$E) -> 0 | AO15: =SUMIF(#REF!,Summary!$B15,#REF!) -> #REF! | AP15: =SUMIF(#REF!,Summary!$B15,#REF!) -> #REF! | AQ15: =SUMIF(#REF!,Summary!$B15,#REF!) -> #REF! | AR15: =SUMIF(#REF!,Summary!$B15,#REF!) -> #REF! | AS15: =SUMIF(#REF!,Summary!$B15,#REF!) -> #REF! | AT15: =SUMIF('28'!D:D,Summary!$B15,'28'!E:E) -> 0 | AU15: =SUMIF('29'!D:D,Summary!$B15,'29'!E:E) -> 0 | AV15: =SUMIF('30'!D:D,Summary!$B15,'30'!E:E) -> 0 | AW15: =SUMIF('31'!D:D,Summary!$B15,'31'!E:E) -> 0 | AX15: =SUMIF('32'!D:D,Summary!$B15,'32'!E:E) -> 0 | AY15: =SUMIF('33'!D:D,Summary!$B15,'33'!E:E) -> 0 | AZ15: =SUMIF('34'!D:D,Summary!$B15,'34'!E:E) -> 0 | BA15: =SUMIF('35'!D:D,Summary!$B15,'35'!E:E) -> 0 | BB15: =SUMIF('36'!D:D,Summary!$B15,'36'!E:E) -> 0 | BC15: =SUMIF('37'!D:D,Summary!$B15,'37'!E:E) -> 0 | BD15: =SUMIF('38'!D:D,Summary!$B15,'38'!E:E) -> 0 | BE15: =SUMIF('39'!D:D,Summary!$B15,'39'!E:E) -> 0 | BF15: =SUMIF('40'!D:D,Summary!$B15,'40'!E:E) -> 0 | BG15: =SUMIF('41'!D:D,Summary!$B15,'41'!E:E) -> 0 | BH15: =SUMIF('42'!D:D,Summary!$B15,'42'!E:E) -> 0 | BI15: =SUMIF('43'!D:D,Summary!$B15,'43'!E:E) -> 0 | BJ15: =SUMIF('44'!D:D,Summary!$B15,'44'!E:E) -> 0 | BK15: =SUMIF('45'!D:D,Summary!$B15,'45'!E:E) -> 0 | BL15: =SUMIF('46'!D:D,Summary!$B15,'46'!E:E) -> 0 | BM15: =SUMIF('47'!D:D,Summary!$B15,'47'!E:E) -> 0 | BN15: =SUMIF('48'!D:D,Summary!$B15,'48'!E:E) -> 0 | BO15: =SUMIF('49'!D:D,Summary!$B15,'49'!E:E) -> 0 | BP15: =SUMIF('50'!D:D,Summary!$B15,'50'!E:E) -> 0 | BQ15: =SUMIF('51'!D:D,Summary!$B15,'51'!E:E) -> 0 | BR15: =SUMIF('52'!D:D,Summary!$B15,'52'!E:E) -> 0 | BS15: =SUMIF('53'!D:D,Summary!$B15,'53'!E:E) -> 0
A16: =A15+1 -> 13 | B16: FA244 | D16: =S16+T16+U16+V16+W16 -> 128 | E16: =X16+Y16+Z16+AA16 -> 38 | F16: =AB16+AC16+AD16+AE16 -> 0 | G16: =AF16+AG16+AH16+AI16+AJ16 -> 0 | H16: =AK16+AL16+AM16+AN16 -> 256 | I16: =AO16+AP16+AQ16+AR16 -> #REF! | J16: =AS16+AT16+AU16+AV16+AW16 -> #REF! | K16: =AX16+AY16+AZ16+BA16 -> 0 | L16: =BB16+BC16+BD16+BE16 -> 0 | M16: =BF16+BG16+BH16+BI16+BJ16 -> 0 | N16: =BK16+BL16+BM16+BN16 -> 0 | O16: =BO16+BP16+BQ16+BR16+BS16 -> 0 | P16: =(SUM(S16:BS16)) -> #REF! | R16: =IF(Q16>P16,Q16-P16,0) -> #REF! | S16: =SUMIF('01'!D:D,Summary!$B16,'01'!E:E) -> 48 | T16: =SUMIF('02'!D:D,Summary!$B16,'02'!E:E) -> 64 | U16: =SUMIF('03'!D:D,Summary!$B16,'03'!E:E) -> 16 | V16: =SUMIF('04'!D:D,Summary!$B16,'04'!E:E) -> 0 | W16: =SUMIF('05'!D:D,Summary!$B16,'05'!E:E) -> 0 | X16: =SUMIF('06'!D:D,Summary!$B16,'06'!E:E) -> 0 | Y16: =SUMIF('07'!D:D,Summary!$B16,'07'!E:E) -> 32 | Z16: =SUMIF('08'!D:D,Summary!$B16,'08'!E:E) -> 6 | AA16: =SUMIF('09'!D:D,Summary!$B16,'09'!E:E) -> 0 | AB16: =SUMIF('10'!D:D,Summary!$B16,'10'!E:E) -> 0 | AC16: =SUMIF('11'!D:D,Summary!$B16,'11'!E:E) -> 0 | AD16: =SUMIF('12'!D:D,Summary!$B16,'12'!E:E) -> 0 | AE16: =SUMIF('13'!D:D,Summary!$B16,'13'!E:E) -> 0 | AF16: =SUMIF('14'!D:D,Summary!$B16,'14'!E:E) -> 0 | AG16: =SUMIF('15'!D:D,Summary!$B16,'15'!E:E) -> 0 | AH16: =SUMIF('16'!D:D,Summary!$B16,'16'!E:E) -> 0 | AI16: =SUMIF('17'!D:D,Summary!$B16,'17'!E:E) -> 0 | AJ16: =SUMIF('18'!D:D,Summary!$B16,'18'!E:E) -> 0 | AK16: =SUMIF('19'!D:D,Summary!$B16,'19'!E:E) -> 120 | AL16: =SUMIF('20'!D:D,Summary!$B16,'20'!E:E) -> 40 | AM16: =SUMIF('21'!D:D,Summary!$B16,'21'!E:E) -> 48 | AN16: =SUMIF('22'!D:D,Summary!$B16,'22'!$E:$E) -> 48 | AO16: =SUMIF(#REF!,Summary!$B16,#REF!) -> #REF! | AP16: =SUMIF(#REF!,Summary!$B16,#REF!) -> #REF! | AQ16: =SUMIF(#REF!,Summary!$B16,#REF!) -> #REF! | AR16: =SUMIF(#REF!,Summary!$B16,#REF!) -> #REF! | AS16: =SUMIF(#REF!,Summary!$B16,#REF!) -> #REF! | AT16: =SUMIF('28'!D:D,Summary!$B16,'28'!E:E) -> 0 | AU16: =SUMIF('29'!D:D,Summary!$B16,'29'!E:E) -> 0 | AV16: =SUMIF('30'!D:D,Summary!$B16,'30'!E:E) -> 0 | AW16: =SUMIF('31'!D:D,Summary!$B16,'31'!E:E) -> 0 | AX16: =SUMIF('32'!D:D,Summary!$B16,'32'!E:E) -> 0 | AY16: =SUMIF('33'!D:D,Summary!$B16,'33'!E:E) -> 0 | AZ16: =SUMIF('34'!D:D,Summary!$B16,'34'!E:E) -> 0 | BA16: =SUMIF('35'!D:D,Summary!$B16,'35'!E:E) -> 0 | BB16: =SUMIF('36'!D:D,Summary!$B16,'36'!E:E) -> 0 | BC16: =SUMIF('37'!D:D,Summary!$B16,'37'!E:E) -> 0 | BD16: =SUMIF('38'!D:D,Summary!$B16,'38'!E:E) -> 0 | BE16: =SUMIF('39'!D:D,Summary!$B16,'39'!E:E) -> 0 | BF16: =SUMIF('40'!D:D,Summary!$B16,'40'!E:E) -> 0 | BG16: =SUMIF('41'!D:D,Summary!$B16,'41'!E:E) -> 0 | BH16: =SUMIF('42'!D:D,Summary!$B16,'42'!E:E) -> 0 | BI16: =SUMIF('43'!D:D,Summary!$B16,'43'!E:E) -> 0 | BJ16: =SUMIF('44'!D:D,Summary!$B16,'44'!E:E) -> 0 | BK16: =SUMIF('45'!D:D,Summary!$B16,'45'!E:E) -> 0 | BL16: =SUMIF('46'!D:D,Summary!$B16,'46'!E:E) -> 0 | BM16: =SUMIF('47'!D:D,Summary!$B16,'47'!E:E) -> 0 | BN16: =SUMIF('48'!D:D,Summary!$B16,'48'!E:E) -> 0 | BO16: =SUMIF('49'!D:D,Summary!$B16,'49'!E:E) -> 0 | BP16: =SUMIF('50'!D:D,Summary!$B16,'50'!E:E) -> 0 | BQ16: =SUMIF('51'!D:D,Summary!$B16,'51'!E:E) -> 0 | BR16: =SUMIF('52'!D:D,Summary!$B16,'52'!E:E) -> 0 | BS16: =SUMIF('53'!D:D,Summary!$B16,'53'!E:E) -> 0
... A72: =A71+1 -> 69 | B72: FA300 | D72: =S72+T72+U72+V72+W72 -> 0 | E72: =X72+Y72+Z72+AA72 -> 0 | F72: =AB72+AC72+AD72+AE72 -> 0 | G72: =AF72+AG72+AH72+AI72+AJ72 -> 0 | H72: =AK72+AL72+AM72+AN72 -> 0 | I72: =AO72+AP72+AQ72+AR72 -> #REF! | J72: =AS72+AT72+AU72+AV72+AW72 -> #REF! | K72: =AX72+AY72+AZ72+BA72 -> 0 | L72: =BB72+BC72+BD72+BE72 -> 0 | M72: =BF72+BG72+BH72+BI72+BJ72 -> 0 | N72: =BK72+BL72+BM72+BN72 -> 0 | O72: =BO72+BP72+BQ72+BR72+BS72 -> 0 | P72: =(SUM(S72:BS72)) -> #REF! | R72: =IF(Q72>P72,Q72-P72,0) -> #REF! | S72: =SUMIF('01'!D:D,Summary!$B72,'01'!E:E) -> 0 | T72: =SUMIF('02'!D:D,Summary!$B72,'02'!E:E) -> 0 | U72: =SUMIF('03'!D:D,Summary!$B72,'03'!E:E) -> 0 | V72: =SUMIF('04'!D:D,Summary!$B72,'04'!E:E) -> 0 | W72: =SUMIF('05'!D:D,Summary!$B72,'05'!E:E) -> 0 | X72: =SUMIF('06'!D:D,Summary!$B72,'06'!E:E) -> 0 | Y72: =SUMIF('07'!D:D,Summary!$B72,'07'!E:E) -> 0 | Z72: =SUMIF('08'!D:D,Summary!$B72,'08'!E:E) -> 0 | AA72: =SUMIF('09'!D:D,Summary!$B72,'09'!E:E) -> 0 | AB72: =SUMIF('10'!D:D,Summary!$B72,'10'!E:E) -> 0 | AC72: =SUMIF('11'!D:D,Summary!$B72,'11'!E:E) -> 0 | AD72: =SUMIF('12'!D:D,Summary!$B72,'12'!E:E) -> 0 | AE72: =SUMIF('13'!D:D,Summary!$B72,'13'!E:E) -> 0 | AF72: =SUMIF('14'!D:D,Summary!$B72,'14'!E:E) -> 0 | AG72: =SUMIF('15'!D:D,Summary!$B72,'15'!E:E) -> 0 | AH72: =SUMIF('16'!D:D,Summary!$B72,'16'!E:E) -> 0 | AI72: =SUMIF('17'!D:D,Summary!$B72,'17'!E:E) -> 0 | AJ72: =SUMIF('18'!D:D,Summary!$B72,'18'!E:E) -> 0 | AK72: =SUMIF('19'!D:D,Summary!$B72,'19'!E:E) -> 0 | AL72: =SUMIF('20'!D:D,Summary!$B72,'20'!E:E) -> 0 | AM72: =SUMIF('21'!D:D,Summary!$B72,'21'!E:E) -> 0 | AN72: =SUMIF('22'!D:D,Summary!$B72,'22'!$E:$E) -> 0 | AO72: =SUMIF(#REF!,Summary!$B72,#REF!) -> #REF! | AP72: =SUMIF(#REF!,Summary!$B72,#REF!) -> #REF! | AQ72: =SUMIF(#REF!,Summary!$B72,#REF!) -> #REF! | AR72: =SUMIF(#REF!,Summary!$B72,#REF!) -> #REF! | AS72: =SUMIF(#REF!,Summary!$B72,#REF!) -> #REF! | AT72: =SUMIF('28'!D:D,Summary!$B72,'28'!E:E) -> 0 | AU72: =SUMIF('29'!D:D,Summary!$B72,'29'!E:E) -> 0 | AV72: =SUMIF('30'!D:D,Summary!$B72,'30'!E:E) -> 0 | AW72: =SUMIF('31'!D:D,Summary!$B72,'31'!E:E) -> 0 | AX72: =SUMIF('32'!D:D,Summary!$B72,'32'!E:E) -> 0 | AY72: =SUMIF('33'!D:D,Summary!$B72,'33'!E:E) -> 0 | AZ72: =SUMIF('34'!D:D,Summary!$B72,'34'!E:E) -> 0 | BA72: =SUMIF('35'!D:D,Summary!$B72,'35'!E:E) -> 0 | BB72: =SUMIF('36'!D:D,Summary!$B72,'36'!E:E) -> 0 | BC72: =SUMIF('37'!D:D,Summary!$B72,'37'!E:E) -> 0 | BD72: =SUMIF('38'!D:D,Summary!$B72,'38'!E:E) -> 0 | BE72: =SUMIF('39'!D:D,Summary!$B72,'39'!E:E) -> 0 | BF72: =SUMIF('40'!D:D,Summary!$B72,'40'!E:E) -> 0 | BG72: =SUMIF('41'!D:D,Summary!$B72,'41'!E:E) -> 0 | BH72: =SUMIF('42'!D:D,Summary!$B72,'42'!E:E) -> 0 | BI72: =SUMIF('43'!D:D,Summary!$B72,'43'!E:E) -> 0 | BJ72: =SUMIF('44'!D:D,Summary!$B72,'44'!E:E) -> 0 | BK72: =SUMIF('45'!D:D,Summary!$B72,'45'!E:E) -> 0 | BL72: =SUMIF('46'!D:D,Summary!$B72,'46'!E:E) -> 0 | BM72: =SUMIF('47'!D:D,Summary!$B72,'47'!E:E) -> 0 | BN72: =SUMIF('48'!D:D,Summary!$B72,'48'!E:E) -> 0 | BO72: =SUMIF('49'!D:D,Summary!$B72,'49'!E:E) -> 0 | BP72: =SUMIF('50'!D:D,Summary!$B72,'50'!E:E) -> 0 | BQ72: =SUMIF('51'!D:D,Summary!$B72,'51'!E:E) -> 0 | BR72: =SUMIF('52'!D:D,Summary!$B72,'52'!E:E) -> 0 | BS72: =SUMIF('53'!D:D,Summary!$B72,'53'!E:E) -> 0
A73: =A72+1 -> 70 | D73: =S73+T73+U73+V73+W73 -> 0 | E73: =X73+Y73+Z73+AA73 -> 0 | F73: =AB73+AC73+AD73+AE73 -> 0 | G73: =AF73+AG73+AH73+AI73+AJ73 -> 0 | H73: =AK73+AL73+AM73+AN73 -> 0 | I73: =AO73+AP73+AQ73+AR73 -> #REF! | J73: =AS73+AT73+AU73+AV73+AW73 -> #REF! | K73: =AX73+AY73+AZ73+BA73 -> 0 | L73: =BB73+BC73+BD73+BE73 -> 0 | M73: =BF73+BG73+BH73+BI73+BJ73 -> 0 | N73: =BK73+BL73+BM73+BN73 -> 0 | O73: =BO73+BP73+BQ73+BR73+BS73 -> 0 | P73: =(SUM(S73:BS73)) -> #REF! | R73: =IF(Q73>P73,Q73-P73,0) -> #REF! | S73: =SUMIF('01'!D:D,Summary!$B73,'01'!E:E) -> 0 | T73: =SUMIF('02'!D:D,Summary!$B73,'02'!E:E) -> 0 | U73: =SUMIF('03'!D:D,Summary!$B73,'03'!E:E) -> 0 | V73: =SUMIF('04'!D:D,Summary!$B73,'04'!E:E) -> 0 | W73: =SUMIF('05'!D:D,Summary!$B73,'05'!E:E) -> 0 | X73: =SUMIF('06'!D:D,Summary!$B73,'06'!E:E) -> 0 | Y73: =SUMIF('07'!D:D,Summary!$B73,'07'!E:E) -> 0 | Z73: =SUMIF('08'!D:D,Summary!$B73,'08'!E:E) -> 0 | AA73: =SUMIF('09'!D:D,Summary!$B73,'09'!E:E) -> 0 | AB73: =SUMIF('10'!D:D,Summary!$B73,'10'!E:E) -> 0 | AC73: =SUMIF('11'!D:D,Summary!$B73,'11'!E:E) -> 0 | AD73: =SUMIF('12'!D:D,Summary!$B73,'12'!E:E) -> 0 | AE73: =SUMIF('13'!D:D,Summary!$B73,'13'!E:E) -> 0 | AF73: =SUMIF('14'!D:D,Summary!$B73,'14'!E:E) -> 0 | AG73: =SUMIF('15'!D:D,Summary!$B73,'15'!E:E) -> 0 | AH73: =SUMIF('16'!D:D,Summary!$B73,'16'!E:E) -> 0 | AI73: =SUMIF('17'!D:D,Summary!$B73,'17'!E:E) -> 0 | AJ73: =SUMIF('18'!D:D,Summary!$B73,'18'!E:E) -> 0 | AK73: =SUMIF('19'!D:D,Summary!$B73,'19'!E:E) -> 0 | AL73: =SUMIF('20'!D:D,Summary!$B73,'20'!E:E) -> 0 | AM73: =SUMIF('21'!D:D,Summary!$B73,'21'!E:E) -> 0 | AN73: =SUMIF('22'!D:D,Summary!$B73,'22'!$E:$E) -> 0 | AO73: =SUMIF(#REF!,Summary!$B73,#REF!) -> #REF! | AP73: =SUMIF(#REF!,Summary!$B73,#REF!) -> #REF! | AQ73: =SUMIF(#REF!,Summary!$B73,#REF!) -> #REF! | AR73: =SUMIF(#REF!,Summary!$B73,#REF!) -> #REF! | AS73: =SUMIF(#REF!,Summary!$B73,#REF!) -> #REF! | AT73: =SUMIF('28'!D:D,Summary!$B73,'28'!E:E) -> 0 | AU73: =SUMIF('29'!D:D,Summary!$B73,'29'!E:E) -> 0 | AV73: =SUMIF('30'!D:D,Summary!$B73,'30'!E:E) -> 0 | AW73: =SUMIF('31'!D:D,Summary!$B73,'31'!E:E) -> 0 | AX73: =SUMIF('32'!D:D,Summary!$B73,'32'!E:E) -> 0 | AY73: =SUMIF('33'!D:D,Summary!$B73,'33'!E:E) -> 0 | AZ73: =SUMIF('34'!D:D,Summary!$B73,'34'!E:E) -> 0 | BA73: =SUMIF('35'!D:D,Summary!$B73,'35'!E:E) -> 0 | BB73: =SUMIF('36'!D:D,Summary!$B73,'36'!E:E) -> 0 | BC73: =SUMIF('37'!D:D,Summary!$B73,'37'!E:E) -> 0 | BD73: =SUMIF('38'!D:D,Summary!$B73,'38'!E:E) -> 0 | BE73: =SUMIF('39'!D:D,Summary!$B73,'39'!E:E) -> 0 | BF73: =SUMIF('40'!D:D,Summary!$B73,'40'!E:E) -> 0 | BG73: =SUMIF('41'!D:D,Summary!$B73,'41'!E:E) -> 0 | BH73: =SUMIF('42'!D:D,Summary!$B73,'42'!E:E) -> 0 | BI73: =SUMIF('43'!D:D,Summary!$B73,'43'!E:E) -> 0 | BJ73: =SUMIF('44'!D:D,Summary!$B73,'44'!E:E) -> 0 | BK73: =SUMIF('45'!D:D,Summary!$B73,'45'!E:E) -> 0 | BL73: =SUMIF('46'!D:D,Summary!$B73,'46'!E:E) -> 0 | BM73: =SUMIF('47'!D:D,Summary!$B73,'47'!E:E) -> 0 | BN73: =SUMIF('48'!D:D,Summary!$B73,'48'!E:E) -> 0 | BO73: =SUMIF('49'!D:D,Summary!$B73,'49'!E:E) -> 0 | BP73: =SUMIF('50'!D:D,Summary!$B73,'50'!E:E) -> 0 | BQ73: =SUMIF('51'!D:D,Summary!$B73,'51'!E:E) -> 0 | BR73: =SUMIF('52'!D:D,Summary!$B73,'52'!E:E) -> 0 | BS73: =SUMIF('53'!D:D,Summary!$B73,'53'!E:E) -> 0

Sheet 01
B1: Daily plan | F1: Date :- | G1: 46020
B3: S.No. | C3: Employee name | D3: PROJECT CODES | E3: Actual time to finish
B4: 1 | C4: SUSHIL URKUDE | D4: FA257 | E4: 8
B5: 2 | C5: SAKET SHAIKH | D5: FA266 | E5: 8
B6: 3 | C6: AMOL MANDLIK | D6: FA257 | E6: 8
B7: 4 | C7: BABASO GORE | D7: FA257 | E7: 8
B8: 5 | C8: KUNDAN KOLI | D8: FA257 | E8: 8
B9: 6 | C9: PRASAD RAKSHE | D9: FA257 | E9: 8
B10: 7 | C10: SHUBHAM MANE | D10: FA265 | E10: 8
B11: 8 | C11: SURAJ DIGHE | D11: FA257 | E11: 8
B12: 9 | C12: SANKET GHANWAT | D12: FA241 | E12: 8
B13: 10 | C13: ROHAN KHARAT | D13: FA257 | E13: 8
B14: 11 | C14: KEVIN VEGAD | D14: FA257 | E14: 8
B15: 12 | C15: ABHISHEKH TELANG | D15: FA257 | E15: 8
... B27: 24 | C27: Abdul Nadaf | D27: FA259 | E27: 8
B28: 25 | C28: SURAJ GAIKWAD
B29: 26 | C29: AJAY NAVTHAR
B30: 27 | C30: RAVINDRA MATE
B31: 28 | C31: KETAN MATE
B32: 29 | C32: ANURAG MANE
B33: 30 | C33: JOTIBA PATIL
B34: 31 | C34: VAIBHAV GUND
B35: 32 | C35: ABHISHEK BOKMURKAR
B36: 33 | C36: SURAJ MAHADIK
B37: 34 | C37: RUPESH SURYWANSHI
B38: 35 | C38: VIKAS SURUSHE | D38: FA249 | E38: 8
B39: 36 | C39: ABHISHEK MHASKE | D39: FA263 | E39: 0
B40: 37 | C40: SHUBHAM POREDI | D40: FA249 | E40: 8
B41: 38 | C41: VISHAL PATIL | D41: FA263 | E41: 0
B42: 39 | C42: UMANG PATEL | D42: FA249 | E42: 8
B43: 40 | C43: AKSHAY GAVADE | D43: FA263 | E43: 0
B44: 41 | C44: AYUSH PATIL | D44: FA263 | E44: 0
B45: 42 | C45: HARSHAL PAWAR | D45: FA263 | E45: 0
B46: 43 | C46: MAYUR SALUNKHE | D46: FA263 | E46: 0
B47: 44 | C47: KISHOR GOPALE | D47: FA263 | E47: 8
B48: 45 | C48: MANI SHANKAR | D48: FA263 | E48: 8
B49: 46 | C49: VISHAL GAWADE | D49: FA259 | E49: 8
... B72: 69 | C72: DNYANESHWAR KARATE | D72: FA257 | E72: 8
B73: 70
B74: 71 | C74: PARAG CHAUDHARI | D74: FA260 | E74: 8
B75: 72 | C75: SAMBHAJI KADU | D75: FA259 | E75: 8
B76: 73 | C76: AJINATH JAGTAP | D76: FA260 | E76: 8
B77: 74 | C77: ADITYA DONGARE | D77: FA260 | E77: 8
B78: 75 | C78: UMESH KADAM | D78: FA259 | E78: 0
B79: 76 | C79: VIKARAM JADHAV | D79: FA263 | E79: 0
B80: 77 | C80: ARYA KHEDEKAR | D80: FA259 | E80: 8
B81: 78 | C81: LOKESH RADE | D81: FA259 | E81: 8
B82: 79 | C82: MAYURESH SAID | D82: FA263 | E82: 8
B83: 80 | C83: PRAFULLA KOLHE | D83: FA259 | E83: 8
B84: 81 | C84: VINAY BOBADE | D84: FA259 | E84: 8
B85: 82 | C85: ASADULLAH SAYAD | D85: FA259 | E85: 8
... B88: 85 | C88: ANIKET KANOJIA | D88: FA261 | E88: 8
B89: 86
B90: 87
B91: 88
B92: 89
B93: 90
B94: 91
B95: 92
B96: 93
B97: 94
B98: 95
B99: 96
B100: 97
... B107: 104
B110: Daily plan | F110: Date :- | G110: =G1+1 -> 46021
B112: S.No. | C112: Emp. name | D112: PROJECT CODES | E112: Actual time to finish
B113: 1 | C113: SUSHIL URKUDE | D113: FA257 | E113: 8
B114: 2 | C114: SAKET SHAIKH | D114: FA266 | E114: 8
B115: 3 | C115: AMOL MANDLIK | D115: FA257 | E115: 8
B116: 4 | C116: BABASO GORE | D116: FA257 | E116: 8
B117: 5 | C117: KUNDAN KOLI | D117: FA257 | E117: 8
B118: 6 | C118: PRASAD RAKSHE | D118: FA257 | E118: 8
B119: 7 | C119: SHUBHAM MANE | D119: FA265 | E119: 8
B120: 8 | C120: SURAJ DIGHE | D120: FA257 | E120: 8
B121: 9 | C121: SANKET GHANWAT | D121: FA241 | E121: 8
B122: 10 | C122: ROHAN KHARAT | D122: FA257 | E122: 8
B123: 11 | C123: KEVIN VEGAD | D123: FA257 | E123: 8
B124: 12 | C124: ABHISHEKH TELANG | D124: FA257 | E124: 8
... B134: 20 | C134: ANKUR YADAV | D134: FA259 | E134: 8
C135: Shivanand V Konnur | D135: FA259 | E135: 8
C136: Abdul Nadaf | D136: FA259 | E136: 8
B137: 21 | C137: SURAJ GAIKWAD
B138: 22 | C138: AJAY NAVTHAR
B139: 23 | C139: RAVINDRA MATE
B140: 24 | C140: KETAN MATE
B141: 25 | C141: ANURAG MANE
B142: 26 | C142: JOTIBA PATIL
B143: 27 | C143: VAIBHAV GUND
B144: 28 | C144: ABHISHEK BOKMURKAR
B145: 29 | C145: SURAJ MAHADIK
B146: 30 | C146: RUPESH SURYWANSHI
B147: 31 | C147: VIKAS SURUSHE | D147: FA249 | E147: 8
B148: 32 | C148: ABHISHEK MHASKE | D148: FA263 | E148: 0
B149: 33 | C149: SHUBHAM POREDI | D149: FA249 | E149: 8
B150: 34 | C150: VISHAL PATIL | D150: FA263 | E150: 0
B151: 35 | C151: UMANG PATEL | D151: FA249 | E151: 8
B152: 36 | C152: AKSHAY GAVADE | D152: FA263 | E152: 0
B153: 37 | C153: AYUSH PATIL | D153: FA263 | E153: 0
B154: 38 | C154: HARSHAL PAWAR | D154: FA263 | E154: 0
...

Sheet 02
B1: Daily plan | F1: Date :- | G1: ='01'!G1+7 -> 46027
B3: S.No. | C3: Employee name | D3: PROJECT CODES | E3: Actual time to finish
B4: 1 | C4: SUSHIL URKUDE | D4: FA257 | E4: 8
B5: 2 | C5: SAKET SHAIKH | D5: FA266 | E5: 8
B6: 3 | C6: AMOL MANDLIK | D6: FA257 | E6: 8
B7: 4 | C7: BABASO GORE | D7: FA257 | E7: 8
B8: 5 | C8: KUNDAN KOLI | D8: FA257 | E8: 8
B9: 6 | C9: PRASAD RAKSHE | D9: FA257 | E9: 8
B10: 7 | C10: SHUBHAM MANE | D10: FA265 | E10: 8
B11: 8 | C11: SURAJ DIGHE | D11: FA257 | E11: 8
B12: 9 | C12: SANKET GHANWAT | D12: FA241 | E12: 8
B13: 10 | C13: ROHAN KHARAT | D13: FA257 | E13: 8
B14: 11 | C14: KEVIN VEGAD | D14: FA257 | E14: 8
B15: 12 | C15: ABHISHEKH TELANG | D15: FA257 | E15: 8
... B27: 24 | C27: Abdul Nadaf | D27: FA259 | E27: 8
B28: 25 | C28: SURAJ GAIKWAD
B29: 26 | C29: AJAY NAVTHAR
B30: 27 | C30: RAVINDRA MATE
B31: 28 | C31: KETAN MATE
B32: 29 | C32: ANURAG MANE
B33: 30 | C33: JOTIBA PATIL
B34: 31 | C34: VAIBHAV GUND
B35: 32 | C35: ABHISHEK BOKMURKAR
B36: 33 | C36: SURAJ MAHADIK
B37: 34 | C37: RUPESH SURYWANSHI
B38: 35 | C38: VIKAS SURUSHE | D38: FA249 | E38: 8
B39: 36 | C39: ABHISHEK MHASKE | D39: FA263 | E39: 0
B40: 37 | C40: SHUBHAM POREDI | D40: FA249 | E40: 8
B41: 38 | C41: VISHAL PATIL | D41: FA263 | E41: 0
B42: 39 | C42: UMANG PATEL | D42: FA249 | E42: 8
B43: 40 | C43: AKSHAY GAVADE | D43: FA263 | E43: 0
B44: 41 | C44: AYUSH PATIL | D44: FA263 | E44: 0
B45: 42 | C45: HARSHAL PAWAR | D45: FA263 | E45: 0
B46: 43 | C46: MAYUR SALUNKHE | D46: FA263 | E46: 0
B47: 44 | C47: KISHOR GOPALE | D47: FA263 | E47: 8
B48: 45 | C48: MANI SHANKAR | D48: FA263 | E48: 8
B49: 46 | C49: VISHAL GAWADE | D49: FA259 | E49: 8
... B72: 69 | C72: DNYANESHWAR KARATE | D72: FA257 | E72: 8
B73: 70
B74: 71 | C74: PARAG CHAUDHARI | D74: FA260 | E74: 8
B75: 72 | C75: SAMBHAJI KADU | D75: FA259 | E75: 8
B76: 73 | C76: AJINATH JAGTAP | D76: FA260 | E76: 8
B77: 74 | C77: ADITYA DONGARE | D77: FA260 | E77: 8
B78: 75 | C78: UMESH KADAM | D78: FA259 | E78: 0
B79: 76 | C79: VIKARAM JADHAV | D79: FA263 | E79: 0
B80: 77 | C80: ARYA KHEDEKAR | D80: FA259 | E80: 8
B81: 78 | C81: LOKESH RADE | D81: FA259 | E81: 8
B82: 79 | C82: MAYURESH SAID | D82: FA263 | E82: 8
B83: 80 | C83: PRAFULLA KOLHE | D83: FA259 | E83: 8
B84: 81 | C84: VINAY BOBADE | D84: FA259 | E84: 8
B85: 82 | C85: ASADULLAH SAYAD | D85: FA259 | E85: 8
... B88: 85 | C88: ANIKET KANOJIA | D88: FA261 | E88: 8
B89: 86
B90: 87
B91: 88
B92: 89
B93: 90
B94: 91
B95: 92
B96: 93
B97: 94
B98: 95
B99: 96
B100: 97
... B107: 104
B110: Daily plan | F110: Date :- | G110: =G1+1 -> 46028
B112: S.No. | C112: Emp. name | D112: PROJECT CODES | E112: Actual time to finish
B113: 1 | C113: SUSHIL URKUDE | D113: FA257 | E113: 8
B114: 2 | C114: SAKET SHAIKH | D114: FA266 | E114: 8
B115: 3 | C115: AMOL MANDLIK | D115: FA257 | E115: 8
B116: 4 | C116: BABASO GORE | D116: FA257 | E116: 8
B117: 5 | C117: KUNDAN KOLI | D117: FA257 | E117: 8
B118: 6 | C118: PRASAD RAKSHE | D118: FA257 | E118: 8
B119: 7 | C119: SHUBHAM MANE | D119: FA265 | E119: 8
B120: 8 | C120: SURAJ DIGHE | D120: FA257 | E120: 8
B121: 9 | C121: SANKET GHANWAT | D121: FA241 | E121: 8
B122: 10 | C122: ROHAN KHARAT | D122: FA257 | E122: 8
B123: 11 | C123: KEVIN VEGAD | D123: FA257 | E123: 8
B124: 12 | C124: ABHISHEKH TELANG | D124: FA257 | E124: 8
... B134: 20 | C134: ANKUR YADAV | D134: FA259 | E134: 8
C135: Shivanand V Konnur | D135: FA259 | E135: 8
C136: Abdul Nadaf | D136: FA259 | E136: 8
B137: 21 | C137: SURAJ GAIKWAD
B138: 22 | C138: AJAY NAVTHAR
B139: 23 | C139: RAVINDRA MATE
B140: 24 | C140: KETAN MATE
B141: 25 | C141: ANURAG MANE
B142: 26 | C142: JOTIBA PATIL
B143: 27 | C143: VAIBHAV GUND
B144: 28 | C144: ABHISHEK BOKMURKAR
B145: 29 | C145: SURAJ MAHADIK
B146: 30 | C146: RUPESH SURYWANSHI
B147: 31 | C147: VIKAS SURUSHE | D147: FA249 | E147: 8
B148: 32 | C148: ABHISHEK MHASKE | D148: FA263 | E148: 0
B149: 33 | C149: SHUBHAM POREDI | D149: FA249 | E149: 8
B150: 34 | C150: VISHAL PATIL | D150: FA263 | E150: 0
B151: 35 | C151: UMANG PATEL | D151: FA249 | E151: 8
B152: 36 | C152: AKSHAY GAVADE | D152: FA263 | E152: 0
B153: 37 | C153: AYUSH PATIL | D153: FA263 | E153: 0
B154: 38 | C154: HARSHAL PAWAR | D154: FA263 | E154: 0
...

Sheet 03
B1: Daily plan | F1: Date :- | G1: ='02'!G1+7 -> 46034
B3: S.No. | C3: Employee name | D3: PROJECT CODES | E3: Actual time to finish
B4: 1 | C4: SUSHIL URKUDE | D4: FA257 | E4: 8
B5: 2 | C5: SAKET SHAIKH | D5: FA266 | E5: 8
B6: 3 | C6: AMOL MANDLIK | D6: FA257 | E6: 8
B7: 4 | C7: BABASO GORE | D7: FA257 | E7: 8
B8: 5 | C8: KUNDAN KOLI | D8: FA257 | E8: 8
B9: 6 | C9: PRASAD RAKSHE | D9: FA257 | E9: 8
B10: 7 | C10: SHUBHAM MANE | D10: FA265 | E10: 8
B11: 8 | C11: SURAJ DIGHE | D11: FA257 | E11: 8
B12: 9 | C12: SANKET GHANWAT | D12: FA241 | E12: 8
B13: 10 | C13: ROHAN KHARAT | D13: FA257 | E13: 8
B14: 11 | C14: KEVIN VEGAD | D14: FA257 | E14: 8
B15: 12 | C15: ABHISHEKH TELANG | D15: FA257 | E15: 8
... B27: 24 | C27: Abdul Nadaf | D27: FA259 | E27: 8
B28: 25 | C28: SURAJ GAIKWAD
B29: 26 | C29: AJAY NAVTHAR
B30: 27 | C30: RAVINDRA MATE
B31: 28 | C31: KETAN MATE
B32: 29 | C32: ANURAG MANE
B33: 30 | C33: JOTIBA PATIL
B34: 31 | C34: VAIBHAV GUND
B35: 32 | C35: ABHISHEK BOKMURKAR
B36: 33 | C36: SURAJ MAHADIK
B37: 34 | C37: RUPESH SURYWANSHI
B38: 35 | C38: VIKAS SURUSHE | D38: FA249 | E38: 8
B39: 36 | C39: ABHISHEK MHASKE | D39: FA263 | E39: 0
B40: 37 | C40: SHUBHAM POREDI | D40: FA249 | E40: 8
B41: 38 | C41: VISHAL PATIL | D41: FA263 | E41: 0
B42: 39 | C42: UMANG PATEL | D42: FA249 | E42: 8
B43: 40 | C43: AKSHAY GAVADE | D43: FA263 | E43: 0
B44: 41 | C44: AYUSH PATIL | D44: FA263 | E44: 0
B45: 42 | C45: HARSHAL PAWAR | D45: FA263 | E45: 0
B46: 43 | C46: MAYUR SALUNKHE | D46: FA263 | E46: 0
B47: 44 | C47: KISHOR GOPALE | D47: FA263 | E47: 8
B48: 45 | C48: MANI SHANKAR | D48: FA263 | E48: 8
B49: 46 | C49: VISHAL GAWADE | D49: FA259 | E49: 8
... B72: 69 | C72: DNYANESHWAR KARATE | D72: FA257 | E72: 8
B73: 70
B74: 71 | C74: PARAG CHAUDHARI | D74: FA260 | E74: 8
B75: 72 | C75: SAMBHAJI KADU | D75: FA259 | E75: 8
B76: 73 | C76: AJINATH JAGTAP | D76: FA260 | E76: 8
B77: 74 | C77: ADITYA DONGARE | D77: FA260 | E77: 8
B78: 75 | C78: UMESH KADAM | D78: FA259 | E78: 0
B79: 76 | C79: VIKARAM JADHAV | D79: FA263 | E79: 0
B80: 77 | C80: ARYA KHEDEKAR | D80: FA259 | E80: 8
B81: 78 | C81: LOKESH RADE | D81: FA259 | E81: 8
B82: 79 | C82: MAYURESH SAID | D82: FA263 | E82: 8
B83: 80 | C83: PRAFULLA KOLHE | D83: FA259 | E83: 8
B84: 81 | C84: VINAY BOBADE | D84: FA259 | E84: 8
B85: 82 | C85: ASADULLAH SAYAD | D85: FA259 | E85: 8
... B88: 85 | C88: ANIKET KANOJIA | D88: FA261 | E88: 8
B89: 86
B90: 87
B91: 88
B92: 89
B93: 90
B94: 91
B95: 92
B96: 93
B97: 94
B98: 95
B99: 96
B100: 97
... B107: 104
B110: Daily plan | F110: Date :- | G110: =G1+1 -> 46035
B112: S.No. | C112: Emp. name | D112: PROJECT CODES | E112: Actual time to finish
B113: 1 | C113: SUSHIL URKUDE | D113: FA257 | E113: 8
B114: 2 | C114: SAKET SHAIKH | D114: FA266 | E114: 8
B115: 3 | C115: AMOL MANDLIK | D115: FA257 | E115: 8
B116: 4 | C116: BABASO GORE | D116: FA257 | E116: 8
B117: 5 | C117: KUNDAN KOLI | D117: FA257 | E117: 8
B118: 6 | C118: PRASAD RAKSHE | D118: FA257 | E118: 8
B119: 7 | C119: SHUBHAM MANE | D119: FA265 | E119: 8
B120: 8 | C120: SURAJ DIGHE | D120: FA257 | E120: 8
B121: 9 | C121: SANKET GHANWAT | D121: FA241 | E121: 8
B122: 10 | C122: ROHAN KHARAT | D122: FA257 | E122: 8
B123: 11 | C123: KEVIN VEGAD | D123: FA257 | E123: 8
B124: 12 | C124: ABHISHEKH TELANG | D124: FA257 | E124: 8
... B134: 20 | C134: ANKUR YADAV | D134: FA259 | E134: 8
C135: Shivanand V Konnur | D135: FA259 | E135: 8
C136: Abdul Nadaf | D136: FA259 | E136: 8
B137: 21 | C137: SURAJ GAIKWAD
B138: 22 | C138: AJAY NAVTHAR
B139: 23 | C139: RAVINDRA MATE
B140: 24 | C140: KETAN MATE
B141: 25 | C141: ANURAG MANE
B142: 26 | C142: JOTIBA PATIL
B143: 27 | C143: VAIBHAV GUND
B144: 28 | C144: ABHISHEK BOKMURKAR
B145: 29 | C145: SURAJ MAHADIK
B146: 30 | C146: RUPESH SURYWANSHI
B147: 31 | C147: VIKAS SURUSHE | D147: FA249 | E147: 8
B148: 32 | C148: ABHISHEK MHASKE | D148: FA263 | E148: 0
B149: 33 | C149: SHUBHAM POREDI | D149: FA249 | E149: 8
B150: 34 | C150: VISHAL PATIL | D150: FA263 | E150: 0
B151: 35 | C151: UMANG PATEL | D151: FA249 | E151: 8
B152: 36 | C152: AKSHAY GAVADE | D152: FA263 | E152: 0
B153: 37 | C153: AYUSH PATIL | D153: FA263 | E153: 0
B154: 38 | C154: HARSHAL PAWAR | D154: FA263 | E154: 0
...

Sheet 04
B1: Daily plan | F1: Date :- | G1: ='03'!G1+7 -> 46041
B3: S.No. | C3: Employee name | D3: PROJECT CODES | E3: Actual time to finish
B4: 1 | C4: SUSHIL URKUDE | D4: FA257 | E4: 8
B5: 2 | C5: SAKET SHAIKH | D5: FA266 | E5: 8
B6: 3 | C6: AMOL MANDLIK | D6: FA257 | E6: 8
B7: 4 | C7: BABASO GORE | D7: FA257 | E7: 8
B8: 5 | C8: KUNDAN KOLI | D8: FA257 | E8: 8
B9: 6 | C9: PRASAD RAKSHE | D9: FA257 | E9: 8
B10: 7 | C10: SHUBHAM MANE | D10: FA265 | E10: 8
B11: 8 | C11: SURAJ DIGHE | D11: FA257 | E11: 8
B12: 9 | C12: SANKET GHANWAT | D12: FA241 | E12: 8
B13: 10 | C13: ROHAN KHARAT | D13: FA257 | E13: 8
B14: 11 | C14: KEVIN VEGAD | D14: FA257 | E14: 8
B15: 12 | C15: ABHISHEKH TELANG | D15: FA257 | E15: 8
... B27: 24 | C27: Abdul Nadaf | D27: FA259 | E27: 8
B28: 25 | C28: SURAJ GAIKWAD
B29: 26 | C29: AJAY NAVTHAR
B30: 27 | C30: RAVINDRA MATE
B31: 28 | C31: KETAN MATE
B32: 29 | C32: ANURAG MANE
B33: 30 | C33: JOTIBA PATIL
B34: 31 | C34: VAIBHAV GUND
B35: 32 | C35: ABHISHEK BOKMURKAR
B36: 33 | C36: SURAJ MAHADIK
B37: 34 | C37: RUPESH SURYWANSHI
B38: 35 | C38: VIKAS SURUSHE | D38: FA249 | E38: 8
B39: 36 | C39: ABHISHEK MHASKE | D39: FA263 | E39: 0
B40: 37 | C40: SHUBHAM POREDI | D40: FA249 | E40: 8
B41: 38 | C41: VISHAL PATIL | D41: FA263 | E41: 0
B42: 39 | C42: UMANG PATEL | D42: FA249 | E42: 8
B43: 40 | C43: AKSHAY GAVADE | D43: FA263 | E43: 0
B44: 41 | C44: AYUSH PATIL | D44: FA263 | E44: 0
B45: 42 | C45: HARSHAL PAWAR | D45: FA263 | E45: 0
B46: 43 | C46: MAYUR SALUNKHE | D46: FA263 | E46: 0
B47: 44 | C47: KISHOR GOPALE | D47: FA263 | E47: 8
B48: 45 | C48: MANI SHANKAR | D48: FA263 | E48: 8
B49: 46 | C49: VISHAL GAWADE | D49: FA259 | E49: 8
... B72: 69 | C72: DNYANESHWAR KARATE | D72: FA257 | E72: 8
B73: 70
B74: 71 | C74: PARAG CHAUDHARI | D74: FA260 | E74: 8
B75: 72 | C75: SAMBHAJI KADU | D75: FA259 | E75: 8
B76: 73 | C76: AJINATH JAGTAP | D76: FA260 | E76: 8
B77: 74 | C77: ADITYA DONGARE | D77: FA260 | E77: 8
B78: 75 | C78: UMESH KADAM | D78: FA259 | E78: 0
B79: 76 | C79: VIKARAM JADHAV | D79: FA263 | E79: 0
B80: 77 | C80: ARYA KHEDEKAR | D80: FA259 | E80: 8
B81: 78 | C81: LOKESH RADE | D81: FA259 | E81: 8
B82: 79 | C82: MAYURESH SAID | D82: FA263 | E82: 8
B83: 80 | C83: PRAFULLA KOLHE | D83: FA259 | E83: 8
B84: 81 | C84: VINAY BOBADE | D84: FA259 | E84: 8
B85: 82 | C85: ASADULLAH SAYAD | D85: FA259 | E85: 8
... B88: 85 | C88: ANIKET KANOJIA | D88: FA261 | E88: 8
B89: 86
B90: 87
B91: 88
B92: 89
B93: 90
B94: 91
B95: 92
B96: 93
B97: 94
B98: 95
B99: 96
B100: 97
... B107: 104
B110: Daily plan | F110: Date :- | G110: =G1+1 -> 46042
B112: S.No. | C112: Emp. name | D112: PROJECT CODES | E112: Actual time to finish
B113: 1 | C113: SUSHIL URKUDE | D113: FA257 | E113: 8
B114: 2 | C114: SAKET SHAIKH | D114: FA266 | E114: 8
B115: 3 | C115: AMOL MANDLIK | D115: FA257 | E115: 8
B116: 4 | C116: BABASO GORE | D116: FA257 | E116: 8
B117: 5 | C117: KUNDAN KOLI | D117: FA257 | E117: 8
B118: 6 | C118: PRASAD RAKSHE | D118: FA257 | E118: 8
B119: 7 | C119: SHUBHAM MANE | D119: FA265 | E119: 8
B120: 8 | C120: SURAJ DIGHE | D120: FA257 | E120: 8
B121: 9 | C121: SANKET GHANWAT | D121: FA241 | E121: 8
B122: 10 | C122: ROHAN KHARAT | D122: FA257 | E122: 8
B123: 11 | C123: KEVIN VEGAD | D123: FA257 | E123: 8
B124: 12 | C124: ABHISHEKH TELANG | D124: FA257 | E124: 8
... B134: 20 | C134: ANKUR YADAV | D134: FA259 | E134: 8
C135: Shivanand V Konnur | D135: FA259 | E135: 8
C136: Abdul Nadaf | D136: FA259 | E136: 8
B137: 21 | C137: SURAJ GAIKWAD
B138: 22 | C138: AJAY NAVTHAR
B139: 23 | C139: RAVINDRA MATE
B140: 24 | C140: KETAN MATE
B141: 25 | C141: ANURAG MANE
B142: 26 | C142: JOTIBA PATIL
B143: 27 | C143: VAIBHAV GUND
B144: 28 | C144: ABHISHEK BOKMURKAR
B145: 29 | C145: SURAJ MAHADIK
B146: 30 | C146: RUPESH SURYWANSHI
B147: 31 | C147: VIKAS SURUSHE | D147: FA249 | E147: 8
B148: 32 | C148: ABHISHEK MHASKE | D148: FA263 | E148: 0
B149: 33 | C149: SHUBHAM POREDI | D149: FA249 | E149: 8
B150: 34 | C150: VISHAL PATIL | D150: FA263 | E150: 0
B151: 35 | C151: UMANG PATEL | D151: FA249 | E151: 8
B152: 36 | C152: AKSHAY GAVADE | D152: FA263 | E152: 0
B153: 37 | C153: AYUSH PATIL | D153: FA263 | E153: 0
B154: 38 | C154: HARSHAL PAWAR | D154: FA263 | E154: 0
...

Sheet 05
B1: Daily plan | F1: Date :- | G1: ='04'!G1+7 -> 46048
B3: S.No. | C3: Employee name | D3: PROJECT CODES | E3: Actual time to finish
B4: 1 | C4: SUSHIL URKUDE | D4: FA257
B5: 2 | C5: SAKET SHAIKH | D5: FA266
B6: 3 | C6: AMOL MANDLIK | D6: FA257
B7: 4 | C7: BABASO GORE | D7: FA257
B8: 5 | C8: KUNDAN KOLI | D8: FA257
B9: 6 | C9: PRASAD RAKSHE | D9: FA257
B10: 7 | C10: SHUBHAM MANE | D10: FA265
B11: 8 | C11: SURAJ DIGHE | D11: FA257
B12: 9 | C12: SANKET GHANWAT | D12: FA241
B13: 10 | C13: ROHAN KHARAT | D13: FA257
B14: 11 | C14: KEVIN VEGAD | D14: FA257
B15: 12 | C15: ABHISHEKH TELANG | D15: FA257
... B27: 24 | C27: Abdul Nadaf | D27: FA259
B28: 25 | C28: SURAJ GAIKWAD
B29: 26 | C29: AJAY NAVTHAR
B30: 27 | C30: RAVINDRA MATE
B31: 28 | C31: KETAN MATE
B32: 29 | C32: ANURAG MANE
B33: 30 | C33: JOTIBA PATIL
B34: 31 | C34: VAIBHAV GUND
B35: 32 | C35: ABHISHEK BOKMURKAR
B36: 33 | C36: SURAJ MAHADIK
B37: 34 | C37: RUPESH SURYWANSHI
B38: 35 | C38: VIKAS SURUSHE | D38: FA249
B39: 36 | C39: ABHISHEK MHASKE | D39: FA263
B40: 37 | C40: SHUBHAM POREDI | D40: FA249
B41: 38 | C41: VISHAL PATIL | D41: FA263
B42: 39 | C42: UMANG PATEL | D42: FA249
B43: 40 | C43: AKSHAY GAVADE | D43: FA263
B44: 41 | C44: AYUSH PATIL | D44: FA263
B45: 42 | C45: HARSHAL PAWAR | D45: FA263
B46: 43 | C46: MAYUR SALUNKHE | D46: FA263
B47: 44 | C47: KISHOR GOPALE | D47: FA263
B48: 45 | C48: MANI SHANKAR | D48: FA263
B49: 46 | C49: VISHAL GAWADE | D49: FA259
... B72: 69 | C72: DNYANESHWAR KARATE | D72: FA257
B73: 70
B74: 71 | C74: PARAG CHAUDHARI | D74: FA260
B75: 72 | C75: SAMBHAJI KADU | D75: FA259
B76: 73 | C76: AJINATH JAGTAP | D76: FA260
B77: 74 | C77: ADITYA DONGARE | D77: FA260
B78: 75 | C78: UMESH KADAM | D78: FA259
B79: 76 | C79: VIKARAM JADHAV | D79: FA263
B80: 77 | C80: ARYA KHEDEKAR | D80: FA259
B81: 78 | C81: LOKESH RADE | D81: FA259
B82: 79 | C82: MAYURESH SAID | D82: FA263
B83: 80 | C83: PRAFULLA KOLHE | D83: FA259
B84: 81 | C84: VINAY BOBADE | D84: FA259
B85: 82 | C85: ASADULLAH SAYAD | D85: FA259
... B88: 85 | C88: ANIKET KANOJIA | D88: FA261
B89: 86
B90: 87
B91: 88
B92: 89
B93: 90
B94: 91
B95: 92
B96: 93
B97: 94
B98: 95
B99: 96
B100: 97
... B107: 104
B110: Daily plan | F110: Date :- | G110: =G1+1 -> 46049
B112: S.No. | C112: Emp. name | D112: PROJECT CODES | E112: Actual time to finish
B113: 1 | C113: SUSHIL URKUDE | D113: FA257 | E113: 8
B114: 2 | C114: SAKET SHAIKH | D114: FA266 | E114: 8
B115: 3 | C115: AMOL MANDLIK | D115: FA257 | E115: 8
B116: 4 | C116: BABASO GORE | D116: FA257 | E116: 8
B117: 5 | C117: KUNDAN KOLI | D117: FA257 | E117: 8
B118: 6 | C118: PRASAD RAKSHE | D118: FA257 | E118: 8
B119: 7 | C119: SHUBHAM MANE | D119: FA265 | E119: 8
B120: 8 | C120: SURAJ DIGHE | D120: FA257 | E120: 8
B121: 9 | C121: SANKET GHANWAT | D121: FA241 | E121: 8
B122: 10 | C122: ROHAN KHARAT | D122: FA257 | E122: 8
B123: 11 | C123: KEVIN VEGAD | D123: FA257 | E123: 8
B124: 12 | C124: ABHISHEKH TELANG | D124: FA257 | E124: 8
... B134: 20 | C134: ANKUR YADAV | D134: FA259 | E134: 8
C135: Shivanand V Konnur | D135: FA259 | E135: 8
C136: Abdul Nadaf | D136: FA259 | E136: 8
B137: 21 | C137: SURAJ GAIKWAD
B138: 22 | C138: AJAY NAVTHAR
B139: 23 | C139: RAVINDRA MATE
B140: 24 | C140: KETAN MATE
B141: 25 | C141: ANURAG MANE
B142: 26 | C142: JOTIBA PATIL
B143: 27 | C143: VAIBHAV GUND
B144: 28 | C144: ABHISHEK BOKMURKAR
B145: 29 | C145: SURAJ MAHADIK
B146: 30 | C146: RUPESH SURYWANSHI
B147: 31 | C147: VIKAS SURUSHE | D147: FA249 | E147: 8
B148: 32 | C148: ABHISHEK MHASKE | D148: FA263 | E148: 0
B149: 33 | C149: SHUBHAM POREDI | D149: FA249 | E149: 8
B150: 34 | C150: VISHAL PATIL | D150: FA263 | E150: 0
B151: 35 | C151: UMANG PATEL | D151: FA249 | E151: 8
B152: 36 | C152: AKSHAY GAVADE | D152: FA263 | E152: 0
B153: 37 | C153: AYUSH PATIL | D153: FA263 | E153: 0
B154: 38 | C154: HARSHAL PAWAR | D154: FA263 | E154: 0
...

Sheet 06
B1: Daily plan | F1: Date :- | G1: ='05'!G1+7 -> 46055
B3: S.No. | C3: Employee name | D3: PROJECT CODES | E3: Actual time to finish
B4: 1 | C4: SUSHIL URKUDE | D4: FA257 | E4: 8
B5: 2 | C5: SAKET SHAIKH | D5: FA266 | E5: 8
B6: 3 | C6: AMOL MANDLIK | D6: FA257 | E6: 8
B7: 4 | C7: BABASO GORE | D7: FA257 | E7: 8
B8: 5 | C8: KUNDAN KOLI | D8: FA257 | E8: 8
B9: 6 | C9: PRASAD RAKSHE | D9: FA257 | E9: 8
B10: 7 | C10: SHUBHAM MANE | D10: FA265 | E10: 8
B11: 8 | C11: SURAJ DIGHE | D11: FA257 | E11: 8
B12: 9 | C12: SANKET GHANWAT | D12: FA241 | E12: 8
B13: 10 | C13: ROHAN KHARAT | D13: FA257 | E13: 8
B14: 11 | C14: KEVIN VEGAD | D14: FA257 | E14: 8
B15: 12 | C15: ABHISHEKH TELANG | D15: FA257 | E15: 8
... B27: 24 | C27: Abdul Nadaf | D27: FA259 | E27: 8
B28: 25 | C28: SURAJ GAIKWAD
B29: 26 | C29: AJAY NAVTHAR
B30: 27 | C30: RAVINDRA MATE
B31: 28 | C31: KETAN MATE
B32: 29 | C32: ANURAG MANE
B33: 30 | C33: JOTIBA PATIL
B34: 31 | C34: VAIBHAV GUND
B35: 32 | C35: ABHISHEK BOKMURKAR
B36: 33 | C36: SURAJ MAHADIK
B37: 34 | C37: RUPESH SURYWANSHI
B38: 35 | C38: VIKAS SURUSHE
B39: 36 | C39: ABHISHEK MHASKE
... B42: 39 | C42: UMANG PATEL
B43: 40
B44: 41 | C44: AYUSH PATIL
B45: 42 | C45: HARSHAL PAWAR
B46: 43 | C46: MAYUR SALUNKHE
B47: 44 | C47: KISHOR GOPALE | D47: FA263 | E47: 8
B48: 45 | C48: MANI SHANKAR | D48: FA263 | E48: 8
B49: 46 | C49: VISHAL GAWADE | D49: FA259 | E49: 8
B50: 47 | C50: SACHIN ROHAKALE | D50: FA259 | E50: 8
B51: 48 | C51: SHREYA CHAVHAN | D51: FA259 | E51: 8
B52: 49 | C52: SHEKHAR PAWAR | D52: FA259 | E52: 8
B53: 50 | C53: PRATHAMESH ROKADE | D53: FA258 | E53: 8
B54: 51 | C54: RAKESH BISEN | D54: FA259 | E54: 8
B55: 52 | C55: SAHIL DHAKE | D55: FA258 | E55: 8
B56: 53 | C56: ALOK KHANVILKAR | D56: FA259 | E56: 8
B57: 54 | C57: DHANRAJ PAWAR | D57: FA259 | E57: 8
B58: 55 | C58: VIJAY MATE | D58: FA255 | E58: 8
... B72: 69 | C72: DNYANESHWAR KARATE | D72: FA257 | E72: 8
B73: 70
B74: 71 | C74: PARAG CHAUDHARI | D74: FA257 | E74: 8
B75: 72 | C75: SAMBHAJI KADU | D75: FA238 | E75: 8
B76: 73 | C76: AJINATH JAGTAP | D76: FA257 | E76: 8
B77: 74 | C77: ADITYA DONGARE | D77: FA258 | E77: 8
B78: 75 | C78: UMESH KADAM | D78: FA259 | E78: 8
B79: 76 | C79: VIKARAM JADHAV | D79: FA263 | E79: 8
B80: 77 | C80: ARYA KHEDEKAR | D80: FA259 | E80: 8
B81: 78 | C81: LOKESH RADE | D81: FA259 | E81: 8
B82: 79 | C82: MAYURESH SAID | D82: FA263 | E82: 8
B83: 80 | C83: PRAFULLA KOLHE | D83: FA259 | E83: 8
B84: 81 | C84: VINAY BOBADE | D84: FA259 | E84: 8
B85: 82 | C85: ASADULLAH SAYAD | D85: FA241 | E85: 8
... B88: 85 | C88: ANIKET KANOJIA | D88: FA258 | E88: 8
B89: 86
B90: 87
B91: 88
B92: 89
B93: 90
B94: 91
B95: 92
B96: 93
B97: 94
B98: 95
B99: 96
B100: 97
... B107: 104
B110: Daily plan | F110: Date :- | G110: =G1+1 -> 46056
B112: S.No. | C112: Emp. name | D112: PROJECT CODES | E112: Actual time to finish
B113: 1 | C113: SUSHIL URKUDE | D113: FA257 | E113: 8
B114: 2 | C114: SAKET SHAIKH | D114: FA266 | E114: 8
B115: 3 | C115: AMOL MANDLIK | D115: FA257 | E115: 8
B116: 4 | C116: BABASO GORE | D116: FA257 | E116: 8
B117: 5 | C117: KUNDAN KOLI | D117: FA257 | E117: 8
B118: 6 | C118: PRASAD RAKSHE | D118: FA257 | E118: 8
B119: 7 | C119: SHUBHAM MANE | D119: FA265 | E119: 8
B120: 8 | C120: SURAJ DIGHE | D120: FA257 | E120: 8
B121: 9 | C121: SANKET GHANWAT | D121: FA241 | E121: 8
B122: 10 | C122: ROHAN KHARAT | D122: FA257 | E122: 8
B123: 11 | C123: KEVIN VEGAD | D123: FA257 | E123: 8
B124: 12 | C124: ABHISHEKH TELANG | D124: FA257 | E124: 8
... B134: 20 | C134: ANKUR YADAV | D134: FA259 | E134: 8
C135: Shivanand V Konnur | D135: FA259 | E135: 8
C136: Abdul Nadaf | D136: FA259 | E136: 8
B137: 21 | C137: SURAJ GAIKWAD
B138: 22 | C138: AJAY NAVTHAR
B139: 23 | C139: RAVINDRA MATE
B140: 24 | C140: KETAN MATE
B141: 25 | C141: ANURAG MANE
B142: 26 | C142: JOTIBA PATIL
B143: 27 | C143: VAIBHAV GUND
B144: 28 | C144: ABHISHEK BOKMURKAR
B145: 29 | C145: SURAJ MAHADIK
B146: 30 | C146: RUPESH SURYWANSHI
B147: 31 | C147: VIKAS SURUSHE
...

Sheet 07
B1: Daily plan | F1: Date :- | G1: ='06'!G1+7 -> 46062
B3: S.No. | C3: Employee name | D3: PROJECT CODES | E3: Actual time to finish
B4: 1 | C4: SUSHIL URKUDE | D4: FA257 | E4: 8
B5: 2 | C5: SAKET SHAIKH | D5: FA266 | E5: 8
B6: 3 | C6: AMOL MANDLIK | D6: FA257 | E6: 8
B7: 4 | C7: BABASO GORE | D7: FA257 | E7: 8
B8: 5 | C8: KUNDAN KOLI | D8: FA257 | E8: 8
B9: 6 | C9: PRASAD RAKSHE | D9: FA257 | E9: 8
B10: 7 | C10: SHUBHAM MANE | D10: FA265 | E10: 8
B11: 8 | C11: SURAJ DIGHE | D11: FA257 | E11: 8
B12: 9 | C12: SANKET GHANWAT | D12: FA241 | E12: 8
B13: 10 | C13: ROHAN KHARAT | D13: FA257 | E13: 8
B14: 11 | C14: KEVIN VEGAD | D14: FA257 | E14: 8
B15: 12 | C15: ABHISHEKH TELANG | D15: FA257 | E15: 8
... B27: 24 | C27: Abdul Nadaf | D27: FA259 | E27: 8
B28: 25 | C28: SURAJ GAIKWAD
B29: 26 | C29: AJAY NAVTHAR
B30: 27 | C30: RAVINDRA MATE
B31: 28 | C31: KETAN MATE
B32: 29 | C32: ANURAG MANE
B33: 30 | C33: JOTIBA PATIL
B34: 31 | C34: VAIBHAV GUND
B35: 32 | C35: ABHISHEK BOKMURKAR
B36: 33 | C36: SURAJ MAHADIK
B37: 34 | C37: RUPESH SURYWANSHI
B38: 35 | C38: VIKAS SURUSHE
B39: 36 | C39: ABHISHEK MHASKE
... B42: 39 | C42: UMANG PATEL
B43: 40
B44: 41 | C44: AYUSH PATIL
B45: 42 | C45: HARSHAL PAWAR
B46: 43 | C46: MAYUR SALUNKHE
B47: 44 | C47: KISHOR GOPALE | D47: FA263 | E47: 8
B48: 45 | C48: MANI SHANKAR | D48: FA263 | E48: 8
B49: 46 | C49: VISHAL GAWADE | D49: FA263 | E49: 8
B50: 47 | C50: SACHIN ROHAKALE | D50: FA263 | E50: 0
B51: 48 | C51: SHREYA CHAVHAN | D51: FA263 | E51: 8
B52: 49 | C52: SHEKHAR PAWAR | D52: FA263 | E52: 8
B53: 50 | C53: PRATHAMESH ROKADE | D53: FA263 | E53: 8
B54: 51 | C54: RAKESH BISEN | D54: FA263 | E54: 8
B55: 52 | C55: SAHIL DHAKE | D55: FA263 | E55: 8
B56: 53 | C56: ALOK KHANVILKAR | D56: FA259 | E56: 8
B57: 54 | C57: DHANRAJ PAWAR | D57: FA259 | E57: 8
B58: 55 | C58: VIJAY MATE | D58: FA255 | E58: 8
... B72: 69 | C72: DNYANESHWAR KARATE | D72: FA257 | E72: 8
B73: 70
B74: 71 | C74: PARAG CHAUDHARI | D74: FA257 | E74: 8
B75: 72 | C75: SAMBHAJI KADU | D75: FA238 | E75: 8
B76: 73 | C76: AJINATH JAGTAP | D76: FA257 | E76: 8
B77: 74 | C77: ADITYA DONGARE | D77: FA258 | E77: 8
B78: 75 | C78: UMESH KADAM | D78: FA259 | E78: 8
B79: 76 | C79: VIKARAM JADHAV | D79: FA263 | E79: 8
B80: 77 | C80: ARYA KHEDEKAR | D80: FA259 | E80: 8
B81: 78 | C81: LOKESH RADE | D81: FA259 | E81: 8
B82: 79 | C82: MAYURESH SAID | D82: FA263 | E82: 8
B83: 80 | C83: PRAFULLA KOLHE | D83: FA259 | E83: 8
B84: 81 | C84: VINAY BOBADE | D84: FA259 | E84: 8
B85: 82 | C85: ASADULLAH SAYAD | D85: FA241 | E85: 8
... B88: 85 | C88: ANIKET KANOJIA | D88: FA258 | E88: 8
B89: 86
B90: 87
B91: 88
B92: 89
B93: 90
B94: 91
B95: 92
B96: 93
B97: 94
B98: 95
B99: 96
B100: 97
... B107: 104
B110: Daily plan | F110: Date :- | G110: =G1+1 -> 46063
B112: S.No. | C112: Emp. name | D112: PROJECT CODES | E112: Actual time to finish
B113: 1 | C113: SUSHIL URKUDE | D113: FA257 | E113: 8
B114: 2 | C114: SAKET SHAIKH | D114: FA266 | E114: 8
B115: 3 | C115: AMOL MANDLIK | D115: FA257 | E115: 8
B116: 4 | C116: BABASO GORE | D116: FA257 | E116: 8
B117: 5 | C117: KUNDAN KOLI | D117: FA257 | E117: 8
B118: 6 | C118: PRASAD RAKSHE | D118: FA257 | E118: 8
B119: 7 | C119: SHUBHAM MANE | D119: FA265 | E119: 8
B120: 8 | C120: SURAJ DIGHE | D120: FA257 | E120: 8
B121: 9 | C121: SANKET GHANWAT | D121: FA241 | E121: 8
B122: 10 | C122: ROHAN KHARAT | D122: FA257 | E122: 8
B123: 11 | C123: KEVIN VEGAD | D123: FA257 | E123: 8
B124: 12 | C124: ABHISHEKH TELANG | D124: FA257 | E124: 8
... B134: 20 | C134: ANKUR YADAV | D134: FA259 | E134: 8
C135: Shivanand V Konnur | D135: FA259 | E135: 8
C136: Abdul Nadaf | D136: FA259 | E136: 8
B137: 21 | C137: SURAJ GAIKWAD
B138: 22 | C138: AJAY NAVTHAR
B139: 23 | C139: RAVINDRA MATE
B140: 24 | C140: KETAN MATE
B141: 25 | C141: ANURAG MANE
B142: 26 | C142: JOTIBA PATIL
B143: 27 | C143: VAIBHAV GUND
B144: 28 | C144: ABHISHEK BOKMURKAR
B145: 29 | C145: SURAJ MAHADIK
B146: 30 | C146: RUPESH SURYWANSHI
B147: 31 | C147: VIKAS SURUSHE
...

Sheet 08
B1: Daily plan | F1: Date :- | G1: ='07'!G1+7 -> 46069
B3: S.No. | C3: Employee name | D3: PROJECT CODES | E3: Actual time to finish
B4: 1 | C4: SUSHIL URKUDE | D4: FA257 | E4: 8
B5: 2 | C5: SAKET SHAIKH | D5: FA266 | E5: 8
B6: 3 | C6: AMOL MANDLIK | D6: FA257 | E6: 8
B7: 4 | C7: BABASO GORE | D7: FA257 | E7: 8
B8: 5 | C8: KUNDAN KOLI | D8: FA257 | E8: 8
B9: 6 | C9: PRASAD RAKSHE | D9: FA257 | E9: 8
B10: 7 | C10: SHUBHAM MANE | D10: FA265 | E10: 8
B11: 8 | C11: SURAJ DIGHE | D11: FA257 | E11: 8
B12: 9 | C12: SANKET GHANWAT | D12: FA241 | E12: 8
B13: 10 | C13: ROHAN KHARAT | D13: FA257 | E13: 8
B14: 11 | C14: KEVIN VEGAD | D14: FA257 | E14: 8
B15: 12 | C15: ABHISHEKH TELANG | D15: FA257 | E15: 8
... B27: 24 | C27: Abdul Nadaf | D27: FA259 | E27: 8
B28: 25 | C28: SURAJ GAIKWAD
B29: 26 | C29: AJAY NAVTHAR
B30: 27 | C30: RAVINDRA MATE
B31: 28 | C31: KETAN MATE
B32: 29 | C32: ANURAG MANE
B33: 30 | C33: JOTIBA PATIL
B34: 31 | C34: VAIBHAV GUND
B35: 32 | C35: ABHISHEK BOKMURKAR
B36: 33 | C36: SURAJ MAHADIK
B37: 34 | C37: RUPESH SURYWANSHI
B38: 35 | C38: VIKAS SURUSHE | D38: FA263 | E38: 8
B39: 36 | C39: ABHISHEK MHASKE | D39: FA263 | E39: 8
B40: 37 | C40: SHUBHAM POREDI | D40: FA263 | E40: 8
B41: 38 | C41: VISHAL PATIL | D41: FA263 | E41: 8
B42: 39 | C42: UMANG PATEL | D42: FA249 | E42: 4
B43: 40 | D43: FA263 | E43: 0
B44: 41 | C44: AYUSH PATIL | D44: FA263 | E44: 8
B45: 42 | C45: HARSHAL PAWAR | D45: FA263 | E45: 8
B46: 43 | C46: MAYUR SALUNKHE | D46: FA263 | E46: 8
B47: 44 | C47: KISHOR GOPALE | D47: FA263 | E47: 8
B48: 45 | C48: MANI SHANKAR | D48: FA263 | E48: 8
B49: 46 | C49: VISHAL GAWADE | D49: FA263 | E49: 8
B50: 47 | C50: SACHIN ROHAKALE | D50: FA263 | E50: 8
B51: 48 | C51: SHREYA CHAVHAN | D51: FA263 | E51: 8
B52: 49 | C52: SHEKHAR PAWAR | D52: FA263 | E52: 8
B53: 50 | C53: PRATHAMESH ROKADE | D53: FA263 | E53: 8
B54: 51 | C54: RAKESH BISEN | D54: FA263 | E54: 8
B55: 52 | C55: SAHIL DHAKE | D55: FA263 | E55: 8
... B72: 69 | C72: DNYANESHWAR KARATE | D72: FA257 | E72: 8
B73: 70
B74: 71 | C74: PARAG CHAUDHARI | D74: FA257 | E74: 8
B75: 72 | C75: SAMBHAJI KADU | D75: FA238 | E75: 8
B76: 73 | C76: AJINATH JAGTAP | D76: FA257 | E76: 8
B77: 74 | C77: ADITYA DONGARE | D77: FA258 | E77: 8
B78: 75 | C78: UMESH KADAM | D78: FA259 | E78: 8
B79: 76 | C79: VIKARAM JADHAV | D79: FA263 | E79: 8
B80: 77 | C80: ARYA KHEDEKAR | D80: FA259 | E80: 8
B81: 78 | C81: LOKESH RADE | D81: FA259 | E81: 8
B82: 79 | C82: MAYURESH SAID | D82: FA263 | E82: 8
B83: 80 | C83: PRAFULLA KOLHE | D83: FA259 | E83: 8
B84: 81 | C84: VINAY BOBADE | D84: FA259 | E84: 8
B85: 82 | C85: ASADULLAH SAYAD | D85: FA241 | E85: 8
... B88: 85 | C88: ANIKET KANOJIA | D88: FA258 | E88: 8
B89: 86
B90: 87
B91: 88
B92: 89
B93: 90
B94: 91
B95: 92
B96: 93
B97: 94
B98: 95
B99: 96
B100: 97
... B107: 104
B110: Daily plan | F110: Date :- | G110: =G1+1 -> 46070
B112: S.No. | C112: Emp. name | D112: PROJECT CODES | E112: Actual time to finish
B113: 1 | C113: SUSHIL URKUDE | D113: FA257 | E113: 8
B114: 2 | C114: SAKET SHAIKH | D114: FA266 | E114: 8
B115: 3 | C115: AMOL MANDLIK | D115: FA257 | E115: 8
B116: 4 | C116: BABASO GORE | D116: FA257 | E116: 8
B117: 5 | C117: KUNDAN KOLI | D117: FA257 | E117: 8
B118: 6 | C118: PRASAD RAKSHE | D118: FA257 | E118: 8
B119: 7 | C119: SHUBHAM MANE | D119: FA265 | E119: 8
B120: 8 | C120: SURAJ DIGHE | D120: FA257 | E120: 8
B121: 9 | C121: SANKET GHANWAT | D121: FA241 | E121: 8
B122: 10 | C122: ROHAN KHARAT | D122: FA257 | E122: 8
B123: 11 | C123: KEVIN VEGAD | D123: FA257 | E123: 8
B124: 12 | C124: ABHISHEKH TELANG | D124: FA257 | E124: 8
... B134: 20 | C134: ANKUR YADAV | D134: FA259 | E134: 8
C135: Shivanand V Konnur | D135: FA259 | E135: 8
C136: Abdul Nadaf | D136: FA259 | E136: 8
B137: 21 | C137: SURAJ GAIKWAD
B138: 22 | C138: AJAY NAVTHAR
B139: 23 | C139: RAVINDRA MATE
B140: 24 | C140: KETAN MATE
B141: 25 | C141: ANURAG MANE
B142: 26 | C142: JOTIBA PATIL
B143: 27 | C143: VAIBHAV GUND
B144: 28 | C144: ABHISHEK BOKMURKAR
B145: 29 | C145: SURAJ MAHADIK
B146: 30 | C146: RUPESH SURYWANSHI
B147: 31 | C147: VIKAS SURUSHE | D147: FA263 | E147: 8
B148: 32 | C148: ABHISHEK MHASKE | D148: FA263 | E148: 8
...

Sheet 09
B1: Daily plan | F1: Date :- | G1: ='08'!G1+7 -> 46076
B3: S.No. | C3: Employee name | D3: PROJECT CODES | E3: Actual time to finish
B4: 1 | C4: SUSHIL URKUDE | D4: FA257 | E4: 8
B5: 2 | C5: SAKET SHAIKH | D5: FA266 | E5: 8
B6: 3 | C6: AMOL MANDLIK | D6: FA257 | E6: 8
B7: 4 | C7: BABASO GORE | D7: FA257 | E7: 8
B8: 5 | C8: KUNDAN KOLI | D8: FA257 | E8: 8
B9: 6 | C9: PRASAD RAKSHE | D9: FA257 | E9: 8
B10: 7 | C10: SHUBHAM MANE | D10: FA265 | E10: 8
B11: 8 | C11: SURAJ DIGHE | D11: FA257 | E11: 8
B12: 9 | C12: SANKET GHANWAT | D12: FA241 | E12: 8
B13: 10 | C13: ROHAN KHARAT | D13: FA257 | E13: 8
B14: 11 | C14: KEVIN VEGAD | D14: FA257 | E14: 8
B15: 12 | C15: ABHISHEKH TELANG | D15: FA257 | E15: 8
... B27: 24 | C27: Abdul Nadaf | D27: FA270 | E27: 8
B28: 25 | C28: SURAJ GAIKWAD
B29: 26 | C29: AJAY NAVTHAR
B30: 27 | C30: RAVINDRA MATE
B31: 28 | C31: KETAN MATE
B32: 29 | C32: ANURAG MANE
B33: 30 | C33: JOTIBA PATIL
B34: 31 | C34: VAIBHAV GUND
B35: 32 | C35: ABHISHEK BOKMURKAR
B36: 33 | C36: SURAJ MAHADIK
B37: 34 | C37: RUPESH SURYWANSHI
B38: 35 | C38: VIKAS SURUSHE | D38: FA263 | E38: 8
B39: 36 | C39: ABHISHEK MHASKE | D39: FA263 | E39: 8
B40: 37 | C40: SHUBHAM POREDI | D40: FA263 | E40: 8
B41: 38 | C41: VISHAL PATIL | D41: FA263 | E41: 8
B42: 39 | C42: UMANG PATEL | D42: FA249 | E42: 8
B43: 40
B44: 41 | C44: AYUSH PATIL | D44: FA263 | E44: 8
B45: 42 | C45: HARSHAL PAWAR | D45: FA263 | E45: 8
B46: 43 | C46: MAYUR SALUNKHE | D46: FA249 | E46: 8
B47: 44 | C47: KISHOR GOPALE | D47: FA270 | E47: 8
B48: 45 | C48: MANI SHANKAR | D48: FA270 | E48: 8
B49: 46 | C49: VISHAL GAWADE | D49: FA270 | E49: 8
B50: 47 | C50: SACHIN ROHAKALE | D50: FA270 | E50: 8
B51: 48 | C51: SHREYA CHAVHAN | D51: FA263 | E51: 8
B52: 49 | C52: SHEKHAR PAWAR | D52: FA263 | E52: 0
B53: 50 | C53: PRATHAMESH ROKADE | D53: FA263 | E53: 8
B54: 51 | C54: RAKESH BISEN | D54: FA270 | E54: 0
B55: 52 | C55: SAHIL DHAKE | D55: FA270 | E55: 8
... B88: 85 | C88: ANIKET KANOJIA | D88: FA258 | E88: 8
B89: 86
B90: 87
B91: 88
B92: 89
B93: 90
B94: 91
B95: 92
B96: 93
B97: 94
B98: 95
B99: 96
B100: 97
... B107: 104
B110: Daily plan | F110: Date :- | G110: =G1+1 -> 46077
B112: S.No. | C112: Emp. name | D112: PROJECT CODES | E112: Actual time to finish
B113: 1 | C113: SUSHIL URKUDE | D113: FA257 | E113: 8
B114: 2 | C114: SAKET SHAIKH | D114: FA266 | E114: 8
B115: 3 | C115: AMOL MANDLIK | D115: FA257 | E115: 8
B116: 4 | C116: BABASO GORE | D116: FA257 | E116: 8
B117: 5 | C117: KUNDAN KOLI | D117: FA257 | E117: 8
B118: 6 | C118: PRASAD RAKSHE | D118: FA257 | E118: 8
B119: 7 | C119: SHUBHAM MANE | D119: FA265 | E119: 8
B120: 8 | C120: SURAJ DIGHE | D120: FA257 | E120: 8
B121: 9 | C121: SANKET GHANWAT | D121: FA241 | E121: 8
B122: 10 | C122: ROHAN KHARAT | D122: FA257 | E122: 8
B123: 11 | C123: KEVIN VEGAD | D123: FA257 | E123: 8
B124: 12 | C124: ABHISHEKH TELANG | D124: FA257 | E124: 8
... B134: 20 | C134: ANKUR YADAV | D134: FA270 | E134: 8
C135: Shivanand V Konnur | D135: FA270 | E135: 8
C136: Abdul Nadaf | D136: FA270 | E136: 8
B137: 21 | C137: SURAJ GAIKWAD
B138: 22 | C138: AJAY NAVTHAR
B139: 23 | C139: RAVINDRA MATE
B140: 24 | C140: KETAN MATE
B141: 25 | C141: ANURAG MANE
B142: 26 | C142: JOTIBA PATIL
B143: 27 | C143: VAIBHAV GUND
B144: 28 | C144: ABHISHEK BOKMURKAR
B145: 29 | C145: SURAJ MAHADIK
B146: 30 | C146: RUPESH SURYWANSHI
B147: 31 | C147: VIKAS SURUSHE
B148: 32 | C148: ABHISHEK MHASKE
... B151: 35 | C151: UMANG PATEL
B152: 36
B153: 37 | C153: AYUSH PATIL
B154: 38 | C154: HARSHAL PAWAR
B155: 39 | C155: MAYUR SALUNKHE
B156: 40 | C156: KISHOR GOPALE | D156: FA270 | E156: 8
B157: 41 | C157: MANI SHANKAR | D157: FA270 | E157: 8
B158: 42 | C158: VISHAL GAWADE | D158: FA270 | E158: 8
B159: 43 | C159: SACHIN ROHAKALE | D159: FA270 | E159: 8
B160: 44 | C160: SHREYA CHAVHAN | D160: FA263 | E160: 8
B161: 45 | C161: SHEKHAR PAWAR | D161: FA263 | E161: 8
B162: 46 | C162: PRATHAMESH ROKADE | D162: FA263 | E162: 8
B163: 47 | C163: RAKESH BISEN | D163: FA270 | E163: 0
B164: 48 | C164: SAHIL DHAKE | D164: FA270 | E164: 8
...

Sheet 10
B1: Daily plan | F1: Date :- | G1: ='09'!G1+7 -> 46083
B3: S.No. | C3: Employee name | D3: PROJECT CODES | E3: Actual time to finish
B4: 1 | C4: SUSHIL URKUDE | D4: FA-257 | E4: 8
B5: 2 | C5: SAKET SHAIKH | D5: FA-266 | E5: 8
B6: 3 | C6: AMOL MANDLIK | D6: FA-257 | E6: 8
B7: 4 | C7: BABASO GORE | D7: FA-257 | E7: 8
B8: 5 | C8: KUNDAN KOLI | D8: FA-257 | E8: 8
B9: 6 | C9: PRASAD RAKSHE | D9: FA-257 | E9: 8
B10: 7 | C10: SHUBHAM MANE | D10: FA-265 | E10: 8
B11: 8 | C11: SURAJ DIGHE | D11: FA-257 | E11: 8
B12: 9 | C12: SANKET GHANWAT | D12: FA-241 | E12: 8
B13: 10 | C13: ROHAN KHARAT | D13: FA-257 | E13: 8
B14: 11 | C14: KEVIN VEGAD | D14: FA-257 | E14: 8
B15: 12 | C15: ABHISHEKH TELANG | D15: FA-257 | E15: 8
B16: 13 | C16: DATTA MATE | D16: FA270 | E16: 8 | G16: `
B17: 14 | C17: NAVNATH MHASKE | D17: FA270 | E17: 8
B18: 15 | C18: ADITYA ADAT | D18: FA270 | E18: 8
B19: 16 | C19: SUNIL GAIKWAD | D19: FA270 | E19: 8
B20: 17 | C20: Karthik V Bakale | D20: FA270 | E20: 8
B21: 18 | C21: SANKET KHAIRE | D21: FA270 | E21: 8
B22: 19 | C22: PRATHMESH PATIL | D22: FA270 | E22: 8
B23: 20 | C23: HARSHAD KASAR | D23: FA270 | E23: 8
B24: 21 | C24: SOURABH KHATAWKAR | D24: FA270 | E24: 8
B25: 22 | C25: ANKUR YADAV | D25: FA270 | E25: 8
B26: 23 | C26: Shivanand V Konnur | D26: FA270 | E26: 8
B27: 24 | C27: Abdul Nadaf | D27: FA270 | E27: 8
B28: 25 | C28: SURAJ GAIKWAD
B29: 26 | C29: AJAY NAVTHAR
B30: 27 | C30: RAVINDRA MATE
B31: 28 | C31: KETAN MATE
B32: 29 | C32: ANURAG MANE
B33: 30 | C33: JOTIBA PATIL
B34: 31 | C34: VAIBHAV GUND
B35: 32 | C35: ABHISHEK BOKMURKAR
B36: 33 | C36: SURAJ MAHADIK
B37: 34 | C37: RUPESH SURYWANSHI
B38: 35 | C38: VIKAS SURUSHE | D38: FA263 | E38: 8
B39: 36 | C39: ABHISHEK MHASKE | D39: FA263 | E39: 8
B40: 37 | C40: SHUBHAM POREDI | D40: FA263 | E40: 8
B41: 38 | C41: VISHAL PATIL | D41: FA263 | E41: 8
B42: 39 | C42: UMANG PATEL | D42: FA249 | E42: 6
B43: 40 | C43: AKSHAY GAVADE
B44: 41 | C44: AYUSH PATIL | D44: FA263 | E44: 8
B45: 42 | C45: HARSHAL PAWAR | D45: FA263 | E45: 8
B46: 43 | C46: MAYUR SALUNKHE | D46: FA249 | E46: 8
B47: 44 | C47: KISHOR GOPALE | D47: FA270 | E47: 8
B48: 45 | C48: MANI SHANKAR | D48: FA270 | E48: 8
B49: 46 | C49: VISHAL GAWADE | D49: FA270 | E49: 8
B50: 47 | C50: SACHIN ROHAKALE | D50: FA270 | E50: 8
B51: 48 | C51: SHREYA CHAVHAN | D51: FA270 | E51: 8
B52: 49 | C52: SHEKHAR PAWAR | D52: FA270 | E52: 8
B53: 50 | C53: PRATHAMESH ROKADE | D53: FA270 | E53: 8
B54: 51 | C54: RAKESH BISEN | D54: FA270 | E54: 8
B55: 52 | C55: SAHIL DHAKE | D55: FA270 | E55: 8
... B88: 85 | C88: ANIKET KANOJIA | D88: FA258 | E88: 8
B89: 86
B90: 87
B91: 88
B92: 89
B93: 90
B94: 91
B95: 92
B96: 93
B97: 94
B98: 95
B99: 96
B100: 97
... B107: 104
B110: Daily plan | F110: Date :- | G110: =G1+1 -> 46084
B112: S.No. | C112: Emp. name | D112: PROJECT CODES | E112: Actual time to finish
B113: 1 | C113: SUSHIL URKUDE | D113: FA-257 | E113: 8
B114: 2 | C114: SAKET SHAIKH | D114: FA-266 | E114: 8
B115: 3 | C115: AMOL MANDLIK | D115: FA-257 | E115: 8
B116: 4 | C116: BABASO GORE | D116: FA-257 | E116: 8
B117: 5 | C117: KUNDAN KOLI | D117: FA-257 | E117: 8
B118: 6 | C118: PRASAD RAKSHE | D118: FA-257 | E118: 8
B119: 7 | C119: SHUBHAM MANE | D119: FA-265 | E119: 8
B120: 8 | C120: SURAJ DIGHE | D120: FA-257 | E120: 8
B121: 9 | C121: SANKET GHANWAT | D121: FA-241 | E121: 8
B122: 10 | C122: ROHAN KHARAT | D122: FA-257 | E122: 8
B123: 11 | C123: KEVIN VEGAD | D123: FA-257 | E123: 8
B124: 12 | C124: ABHISHEKH TELANG | D124: FA-257 | E124: 8
... B134: 20 | C134: ANKUR YADAV | D134: FA270 | E134: 8
C135: Shivanand V Konnur | D135: FA270 | E135: 8
C136: Abdul Nadaf | D136: FA270 | E136: 8
B137: 21 | C137: SURAJ GAIKWAD
B138: 22 | C138: AJAY NAVTHAR
B139: 23 | C139: RAVINDRA MATE
B140: 24 | C140: KETAN MATE
B141: 25 | C141: ANURAG MANE
B142: 26 | C142: JOTIBA PATIL
B143: 27 | C143: VAIBHAV GUND
B144: 28 | C144: ABHISHEK BOKMURKAR
B145: 29 | C145: SURAJ MAHADIK
B146: 30 | C146: RUPESH SURYWANSHI
B147: 31 | C147: VIKAS SURUSHE | D147: FA263 | E147: 8
B148: 32 | C148: ABHISHEK MHASKE | D148: FA263 | E148: 8
B149: 33 | C149: SHUBHAM POREDI | D149: FA263 | E149: 0
B150: 34 | C150: VISHAL PATIL | D150: FA263 | E150: 8
B151: 35 | C151: UMANG PATEL | D151: FA249 | E151: 8
...

Sheet 11
B1: Daily plan | F1: Date :- | G1: ='10'!G1+7 -> 46090
B3: S.No. | C3: Employee name | D3: PROJECT CODES | E3: Actual time to finish
B4: 1 | C4: SUSHIL URKUDE | D4: FA-257 | E4: 8
B5: 2 | C5: SAKET SHAIKH | D5: FA-266 | E5: 8
B6: 3 | C6: AMOL MANDLIK | D6: FA-257 | E6: 8
B7: 4 | C7: BABASO GORE | D7: FA-257 | E7: 8
B8: 5 | C8: KUNDAN KOLI | D8: FA-257 | E8: 8
B9: 6 | C9: PRASAD RAKSHE | D9: FA-257 | E9: 8
B10: 7 | C10: SHUBHAM MANE | D10: FA-265 | E10: 8
B11: 8 | C11: SURAJ DIGHE | D11: FA-257 | E11: 8
B12: 9 | C12: SANKET GHANWAT | D12: FA-241 | E12: 8
B13: 10 | C13: ROHAN KHARAT | D13: FA-257 | E13: 8
B14: 11 | C14: KEVIN VEGAD | D14: FA-257 | E14: 8
B15: 12 | C15: ABHISHEKH TELANG | D15: FA-257 | E15: 8
... B27: 24 | C27: Abdul Nadaf | D27: FA270 | E27: 8
B28: 25 | C28: SURAJ GAIKWAD
B29: 26 | C29: AJAY NAVTHAR
B30: 27 | C30: RAVINDRA MATE
B31: 28 | C31: KETAN MATE
B32: 29 | C32: ANURAG MANE
B33: 30 | C33: JOTIBA PATIL
B34: 31 | C34: VAIBHAV GUND
B35: 32 | C35: ABHISHEK BOKMURKAR
B36: 33 | C36: SURAJ MAHADIK
B37: 34 | C37: RUPESH SURYWANSHI
B38: 35 | C38: VIKAS SURUSHE | D38: FA263 | E38: 8
B39: 36 | C39: ABHISHEK MHASKE | D39: FA263 | E39: 8
B40: 37 | C40: SHUBHAM POREDI | D40: FA263 | E40: 8
B41: 38 | C41: VISHAL PATIL | D41: FA263 | E41: 0
B42: 39 | C42: UMANG PATEL | D42: FA249 | E42: 8
B43: 40 | C43: AKSHAY GAVADE
B44: 41 | C44: AYUSH PATIL | D44: FA263 | E44: 8
B45: 42 | C45: HARSHAL PAWAR | D45: FA263 | E45: 8
B46: 43 | C46: MAYUR SALUNKHE | D46: FA263 | E46: 8
B47: 44 | C47: KISHOR GOPALE | D47: FA270 | E47: 8
B48: 45 | C48: MANI SHANKAR | D48: FA270 | E48: 8
B49: 46 | C49: VISHAL GAWADE | D49: FA270 | E49: 8
B50: 47 | C50: SACHIN ROHAKALE | D50: FA270 | E50: 8
B51: 48 | C51: SHREYA CHAVHAN | D51: FA270 | E51: 8
B52: 49 | C52: SHEKHAR PAWAR | D52: FA270 | E52: 8
B53: 50 | C53: PRATHAMESH ROKADE | D53: FA270 | E53: 8
B54: 51 | C54: RAKESH BISEN | D54: FA270 | E54: 8
B55: 52 | C55: SAHIL DHAKE | D55: FA270 | E55: 8
... B88: 85 | C88: ANIKET KANOJIA | D88: FA258 | E88: 8
B89: 86
B90: 87
B91: 88
B92: 89
B93: 90
B94: 91
B95: 92
B96: 93
B97: 94
B98: 95
B99: 96
B100: 97
... B107: 104
B110: Daily plan | F110: Date :- | G110: =G1+1 -> 46091
B112: S.No. | C112: Emp. name | D112: PROJECT CODES | E112: Actual time to finish
B113: 1 | C113: SUSHIL URKUDE | D113: FA-257 | E113: 8
B114: 2 | C114: SAKET SHAIKH | D114: FA-266 | E114: 8
B115: 3 | C115: AMOL MANDLIK | D115: FA-257 | E115: 8
B116: 4 | C116: BABASO GORE | D116: FA-257 | E116: 8
B117: 5 | C117: KUNDAN KOLI | D117: FA-257 | E117: 8
B118: 6 | C118: PRASAD RAKSHE | D118: FA-257 | E118: 8
B119: 7 | C119: SHUBHAM MANE | D119: FA-265 | E119: 8
B120: 8 | C120: SURAJ DIGHE | D120: FA-257 | E120: 8
B121: 9 | C121: SANKET GHANWAT | D121: FA-241 | E121: 8
B122: 10 | C122: ROHAN KHARAT | D122: FA-257 | E122: 8
B123: 11 | C123: KEVIN VEGAD | D123: FA-257 | E123: 8
B124: 12 | C124: ABHISHEKH TELANG | D124: FA-257 | E124: 8
... B134: 20 | C134: ANKUR YADAV | D134: FA270 | E134: 8
C135: Shivanand V Konnur | D135: FA270 | E135: 8
C136: Abdul Nadaf | D136: FA270 | E136: 8
B137: 21 | C137: SURAJ GAIKWAD
B138: 22 | C138: AJAY NAVTHAR
B139: 23 | C139: RAVINDRA MATE
B140: 24 | C140: KETAN MATE
B141: 25 | C141: ANURAG MANE
B142: 26 | C142: JOTIBA PATIL
B143: 27 | C143: VAIBHAV GUND
B144: 28 | C144: ABHISHEK BOKMURKAR
B145: 29 | C145: SURAJ MAHADIK
B146: 30 | C146: RUPESH SURYWANSHI
B147: 31 | C147: VIKAS SURUSHE | D147: FA263 | E147: 8
B148: 32 | C148: ABHISHEK MHASKE | D148: FA263 | E148: 8
B149: 33 | C149: SHUBHAM POREDI | D149: FA263 | E149: 8
B150: 34 | C150: VISHAL PATIL | D150: FA263 | E150: 8
B151: 35 | C151: UMANG PATEL | D151: FA249 | E151: 0
B152: 36 | C152: AKSHAY GAVADE
B153: 37 | C153: AYUSH PATIL | D153: FA263 | E153: 8
B154: 38 | C154: HARSHAL PAWAR | D154: FA263 | E154: 8
B155: 39 | C155: MAYUR SALUNKHE | D155: FA263 | E155: 8
B156: 40 | C156: KISHOR GOPALE | D156: FA270 | E156: 8
B157: 41 | C157: MANI SHANKAR | D157: FA270 | E157: 8
B158: 42 | C158: VISHAL GAWADE | D158: FA270 | E158: 8
B159: 43 | C159: SACHIN ROHAKALE | D159: FA270 | E159: 8
B160: 44 | C160: SHREYA CHAVHAN | D160: FA270 | E160: 8
B161: 45 | C161: SHEKHAR PAWAR | D161: FA270 | E161: 8
B162: 46 | C162: PRATHAMESH ROKADE | D162: FA270 | E162: 8
...

Sheet 12
B1: Daily plan | F1: Date :- | G1: ='11'!G1+7 -> 46097
B3: S.No. | C3: Employee name | D3: PROJECT CODES | E3: Actual time to finish
B4: 1 | C4: SUSHIL URKUDE | D4: FA-257 | E4: 8
B5: 2 | C5: SAKET SHAIKH | D5: FA-266 | E5: 8
B6: 3 | C6: AMOL MANDLIK | D6: FA-257 | E6: 8
B7: 4 | C7: BABASO GORE | D7: FA-257 | E7: 8
B8: 5 | C8: KUNDAN KOLI | D8: FA-257 | E8: 8
B9: 6 | C9: PRASAD RAKSHE | D9: FA-257 | E9: 8
B10: 7 | C10: SHUBHAM MANE | D10: FA-265 | E10: 8
B11: 8 | C11: SURAJ DIGHE | D11: FA-257 | E11: 8
B12: 9 | C12: SANKET GHANWAT | D12: FA-241 | E12: 8
B13: 10 | C13: ROHAN KHARAT | D13: FA-257 | E13: 8
B14: 11 | C14: KEVIN VEGAD | D14: FA-257 | E14: 8
B15: 12 | C15: ABHISHEKH TELANG | D15: FA-257 | E15: 8
... B27: 24 | C27: Abdul Nadaf | D27: FA270 | E27: 8
B28: 25 | C28: SURAJ GAIKWAD
B29: 26 | C29: AJAY NAVTHAR
B30: 27 | C30: RAVINDRA MATE
B31: 28 | C31: KETAN MATE
B32: 29 | C32: ANURAG MANE
B33: 30 | C33: JOTIBA PATIL
B34: 31 | C34: VAIBHAV GUND
B35: 32 | C35: ABHISHEK BOKMURKAR
B36: 33 | C36: SURAJ MAHADIK
B37: 34 | C37: RUPESH SURYWANSHI
B38: 35 | C38: VIKAS SURUSHE | D38: FA272 | E38: 8
B39: 36 | C39: ABHISHEK MHASKE | D39: FA263 | E39: 8
B40: 37 | C40: SHUBHAM POREDI | D40: FA272 | E40: 8
B41: 38 | C41: VISHAL PATIL | D41: FA272 | E41: 8
B42: 39 | C42: UMANG PATEL | D42: FA249 | E42: 8
B43: 40 | C43: AKSHAY GAVADE
B44: 41 | C44: AYUSH PATIL | D44: FA272 | E44: 8
B45: 42 | C45: HARSHAL PAWAR | D45: FA263 | E45: 8
B46: 43 | C46: MAYUR SALUNKHE | D46: FA263 | E46: 8
B47: 44 | C47: KISHOR GOPALE | D47: FA270 | E47: 8
B48: 45 | C48: MANI SHANKAR | D48: FA270 | E48: 8
B49: 46 | C49: VISHAL GAWADE | D49: FA270 | E49: 8
B50: 47 | C50: SACHIN ROHAKALE | D50: FA270 | E50: 8
B51: 48 | C51: SHREYA CHAVHAN | D51: FA270 | E51: 8
B52: 49 | C52: SHEKHAR PAWAR | D52: FA270 | E52: 8
B53: 50 | C53: PRATHAMESH ROKADE | D53: FA270 | E53: 8
B54: 51 | C54: RAKESH BISEN | D54: FA270 | E54: 8
B55: 52 | C55: SAHIL DHAKE | D55: FA270 | E55: 8
... B88: 85 | C88: ANIKET KANOJIA | D88: FA263 | E88: 8
B89: 86
B90: 87
B91: 88
B92: 89
B93: 90
B94: 91
B95: 92
B96: 93
B97: 94
B98: 95
B99: 96
B100: 97
... B107: 104
B110: Daily plan | F110: Date :- | G110: =G1+1 -> 46098
B112: S.No. | C112: Emp. name | D112: PROJECT CODES | E112: Actual time to finish
B113: 1 | C113: SUSHIL URKUDE | D113: FA-257 | E113: 8
B114: 2 | C114: SAKET SHAIKH | D114: FA-266 | E114: 8
B115: 3 | C115: AMOL MANDLIK | D115: FA-257 | E115: 8
B116: 4 | C116: BABASO GORE | D116: FA-257 | E116: 8
B117: 5 | C117: KUNDAN KOLI | D117: FA-257 | E117: 8
B118: 6 | C118: PRASAD RAKSHE | D118: FA-257 | E118: 8
B119: 7 | C119: SHUBHAM MANE | D119: FA-265 | E119: 8
B120: 8 | C120: SURAJ DIGHE | D120: FA-257 | E120: 8
B121: 9 | C121: SANKET GHANWAT | D121: FA-241 | E121: 8
B122: 10 | C122: ROHAN KHARAT | D122: FA-257 | E122: 8
B123: 11 | C123: KEVIN VEGAD | D123: FA-257 | E123: 8
B124: 12 | C124: ABHISHEKH TELANG | D124: FA-257 | E124: 8
... B134: 20 | C134: ANKUR YADAV | D134: FA270 | E134: 8
C135: Shivanand V Konnur | D135: FA270 | E135: 8
C136: Abdul Nadaf | D136: FA270 | E136: 8
B137: 21 | C137: SURAJ GAIKWAD
B138: 22 | C138: AJAY NAVTHAR
B139: 23 | C139: RAVINDRA MATE
B140: 24 | C140: KETAN MATE
B141: 25 | C141: ANURAG MANE
B142: 26 | C142: JOTIBA PATIL
B143: 27 | C143: VAIBHAV GUND
B144: 28 | C144: ABHISHEK BOKMURKAR
B145: 29 | C145: SURAJ MAHADIK
B146: 30 | C146: RUPESH SURYWANSHI
B147: 31 | C147: VIKAS SURUSHE | D147: FA272 | E147: 8
B148: 32 | C148: ABHISHEK MHASKE | D148: FA263 | E148: 8
B149: 33 | C149: SHUBHAM POREDI | D149: ISO | E149: 8
B150: 34 | C150: VISHAL PATIL | D150: FA272 | E150: 8
B151: 35 | C151: UMANG PATEL | D151: FA249 | E151: 8
B152: 36 | C152: AKSHAY GAVADE
B153: 37 | C153: AYUSH PATIL | D153: FA263 | E153: 8
B154: 38 | C154: HARSHAL PAWAR | D154: FA263 | E154: 8
B155: 39 | C155: MAYUR SALUNKHE | D155: FA263 | E155: 8
B156: 40 | C156: KISHOR GOPALE | D156: FA270 | E156: 8
B157: 41 | C157: MANI SHANKAR | D157: FA270 | E157: 8
B158: 42 | C158: VISHAL GAWADE | D158: FA270 | E158: 8
B159: 43 | C159: SACHIN ROHAKALE | D159: FA270 | E159: 8
B160: 44 | C160: SHREYA CHAVHAN | D160: FA270 | E160: 8
B161: 45 | C161: SHEKHAR PAWAR | D161: FA270 | E161: 8
B162: 46 | C162: PRATHAMESH ROKADE | D162: FA270 | E162: 8
...

Sheet 13
B1: Daily plan | F1: Date :- | G1: ='12'!G1+7 -> 46104
B3: S.No. | C3: Employee name | D3: PROJECT CODES | E3: Actual time to finish
B4: 1 | C4: SUSHIL URKUDE | D4: FA-257 | E4: 8
B5: 2 | C5: SAKET SHAIKH | D5: FA-266 | E5: 8
B6: 3 | C6: AMOL MANDLIK | D6: FA-257 | E6: 8
B7: 4 | C7: BABASO GORE | D7: FA-257 | E7: 8
B8: 5 | C8: KUNDAN KOLI | D8: FA-257 | E8: 8
B9: 6 | C9: PRASAD RAKSHE | D9: FA-257 | E9: 8
B10: 7 | C10: SHUBHAM MANE | D10: FA-265 | E10: 8
B11: 8 | C11: SURAJ DIGHE | D11: FA-257 | E11: 8
B12: 9 | C12: SANKET GHANWAT | D12: FA-241 | E12: 8
B13: 10 | C13: ROHAN KHARAT | D13: FA-257 | E13: 8
B14: 11 | C14: KEVIN VEGAD | D14: FA-257 | E14: 8
B15: 12 | C15: ABHISHEKH TELANG | D15: FA-257 | E15: 8
... B27: 24 | C27: Abdul Nadaf | D27: FA273 | E27: 8
B28: 25 | C28: SURAJ GAIKWAD
B29: 26 | C29: AJAY NAVTHAR
B30: 27 | C30: RAVINDRA MATE
B31: 28 | C31: KETAN MATE
B32: 29 | C32: ANURAG MANE
B33: 30 | C33: JOTIBA PATIL
B34: 31 | C34: VAIBHAV GUND
B35: 32 | C35: ABHISHEK BOKMURKAR
B36: 33 | C36: SURAJ MAHADIK
B37: 34 | C37: RUPESH SURYWANSHI
B38: 35 | C38: VIKAS SURUSHE
B39: 36 | C39: ABHISHEK MHASKE
... B46: 43 | C46: MAYUR SALUNKHE
B47: 44 | C47: KISHOR GOPALE | D47: FA270 | E47: 8
B48: 45 | C48: MANI SHANKAR | D48: FA270 | E48: 8
B49: 46 | C49: VISHAL GAWADE | D49: FA270 | E49: 8
B50: 47 | C50: SACHIN ROHAKALE | D50: FA270 | E50: 8
B51: 48 | C51: SHREYA CHAVHAN | D51: FA270 | E51: 8
B52: 49 | C52: SHEKHAR PAWAR | D52: FA270 | E52: 8
B53: 50 | C53: PRATHAMESH ROKADE | D53: FA270 | E53: 8
B54: 51 | C54: RAKESH BISEN | D54: FA270 | E54: 8
B55: 52 | C55: SAHIL DHAKE | D55: FA270 | E55: 8
B56: 53 | C56: ALOK KHANVILKAR | D56: FA272 | E56: 8
B57: 54 | C57: DHANRAJ PAWAR | D57: FA272 | E57: 8
B58: 55 | C58: VIJAY MATE | D58: FA270 | E58: 8
... B88: 85 | C88: ANIKET KANOJIA | D88: FA263 | E88: 8
B89: 86
B90: 87
B91: 88
B92: 89
B93: 90
B94: 91
B95: 92
B96: 93
B97: 94
B98: 95
B99: 96
B100: 97
... B107: 104
B110: Daily plan | F110: Date :- | G110: =G1+1 -> 46105
B112: S.No. | C112: Emp. name | D112: PROJECT CODES | E112: Actual time to finish
B113: 1 | C113: SUSHIL URKUDE | D113: FA-257 | E113: 8
B114: 2 | C114: SAKET SHAIKH | D114: FA-266 | E114: 8
B115: 3 | C115: AMOL MANDLIK | D115: FA-257 | E115: 8
B116: 4 | C116: BABASO GORE | D116: FA-257 | E116: 8
B117: 5 | C117: KUNDAN KOLI | D117: FA-257 | E117: 8
B118: 6 | C118: PRASAD RAKSHE | D118: FA-257 | E118: 8
B119: 7 | C119: SHUBHAM MANE | D119: FA-265 | E119: 8
B120: 8 | C120: SURAJ DIGHE | D120: FA-257 | E120: 8
B121: 9 | C121: SANKET GHANWAT | D121: FA-241 | E121: 8
B122: 10 | C122: ROHAN KHARAT | D122: FA-257 | E122: 8
B123: 11 | C123: KEVIN VEGAD | D123: FA-257 | E123: 8
B124: 12 | C124: ABHISHEKH TELANG | D124: FA-257 | E124: 8
... B134: 20 | C134: ANKUR YADAV | D134: FA270 | E134: 8
C135: Shivanand V Konnur | D135: FA273 | E135: 8
C136: Abdul Nadaf | D136: FA273 | E136: 8
B137: 21 | C137: SURAJ GAIKWAD
B138: 22 | C138: AJAY NAVTHAR
B139: 23 | C139: RAVINDRA MATE
B140: 24 | C140: KETAN MATE
B141: 25 | C141: ANURAG MANE
B142: 26 | C142: JOTIBA PATIL
B143: 27 | C143: VAIBHAV GUND
B144: 28 | C144: ABHISHEK BOKMURKAR
B145: 29 | C145: SURAJ MAHADIK
B146: 30 | C146: RUPESH SURYWANSHI
B147: 31 | C147: VIKAS SURUSHE
B148: 32 | C148: ABHISHEK MHASKE
... B155: 39 | C155: MAYUR SALUNKHE
B156: 40 | C156: KISHOR GOPALE | D156: FA270 | E156: 8
B157: 41 | C157: MANI SHANKAR | D157: FA270 | E157: 8
B158: 42 | C158: VISHAL GAWADE | D158: FA270 | E158: 8
B159: 43 | C159: SACHIN ROHAKALE | D159: FA270 | E159: 8
B160: 44 | C160: SHREYA CHAVHAN | D160: FA270 | E160: 8
B161: 45 | C161: SHEKHAR PAWAR | D161: FA270 | E161: 8
B162: 46 | C162: PRATHAMESH ROKADE | D162: FA270 | E162: 8
B163: 47 | C163: RAKESH BISEN | D163: FA270 | E163: 8
B164: 48 | C164: SAHIL DHAKE | D164: FA270 | E164: 8
B165: 49 | C165: ALOK KHANVILKAR | D165: FA272 | E165: 8
B166: 50 | C166: DHANRAJ PAWAR | D166: FA272 | E166: 8
B167: 51 | C167: VIJAY MATE | D167: FA270 | E167: 8
... B197: 81 | C197: ANIKET KANOJIA | D197: FA263 | E197: 8
B198: 82
B199: 83
B200: 84
...

Sheet 14
B1: Daily plan | F1: Date :- | G1: ='13'!G1+7 -> 46111
B3: S.No. | C3: Employee name | D3: PROJECT CODES | E3: Actual time to finish
B4: 1 | C4: SUSHIL URKUDE | D4: FA-257 | E4: 8
B5: 2 | C5: SAKET SHAIKH | D5: FA-266 | E5: 8
B6: 3 | C6: AMOL MANDLIK | D6: FA-257 | E6: 8
B7: 4 | C7: BABASO GORE | D7: FA-257 | E7: 8
B8: 5 | C8: KUNDAN KOLI | D8: FA-257 | E8: 8
B9: 6 | C9: PRASAD RAKSHE | D9: FA-257 | E9: 8
B10: 7 | C10: SHUBHAM MANE | D10: FA-265 | E10: 8
B11: 8 | C11: SURAJ DIGHE | D11: FA-257 | E11: 8
B12: 9 | C12: SANKET GHANWAT | D12: FA-241 | E12: 8
B13: 10 | C13: ROHAN KHARAT | D13: FA-257 | E13: 8
B14: 11 | C14: KEVIN VEGAD | D14: FA-257 | E14: 8
B15: 12 | C15: ABHISHEKH TELANG | D15: FA-257 | E15: 8
... B43: 39 | C43: UMANG PATEL | D43: FA242 | E43: 8
B44: 40 | E44: 0
B45: 41 | C45: AYUSH PATIL | D45: FA263 | E45: 8
B46: 42 | C46: HARSHAL PAWAR | D46: FA272 | E46: 8
B47: 43 | C47: MAYUR SALUNKHE | D47: FA263 | E47: 8
B48: 44 | C48: KISHOR GOPALE | D48: FA270 | E48: 8
B49: 45 | C49: MANI SHANKAR | D49: FA270 | E49: 8
B50: 46 | C50: VISHAL GAWADE | D50: FA270 | E50: 8
B51: 47 | C51: SACHIN ROHAKALE | D51: FA270 | E51: 8
B52: 48 | C52: SHREYA CHAVHAN | D52: FA270 | E52: 8
B53: 49 | C53: SHEKHAR PAWAR | D53: FA270 | E53: 8
B54: 50 | C54: PRATHAMESH ROKADE | D54: FA270 | E54: 8
B55: 51 | C55: RAKESH BISEN | D55: FA270 | E55: 8
B56: 52 | C56: SAHIL DHAKE | D56: FA270 | E56: 8
... B89: 85 | C89: ANIKET KANOJIA | D89: FA263 | E89: 8
B90: 86
B91: 87
B92: 88
B93: 89
B94: 90
B95: 91
B96: 92
B97: 93
B98: 94
B99: 95
B100: 96
B101: 97
... B108: 104
B111: Daily plan | F111: Date :- | G111: =G1+1 -> 46112
B113: S.No. | C113: Emp. name | D113: PROJECT CODES | E113: Actual time to finish
B114: 1 | C114: SUSHIL URKUDE | D114: FA-257 | E114: 8
B115: 2 | C115: SAKET SHAIKH | D115: FA-266 | E115: 8
B116: 3 | C116: AMOL MANDLIK | D116: FA-257 | E116: 8
B117: 4 | C117: BABASO GORE | D117: FA-257 | E117: 8
B118: 5 | C118: KUNDAN KOLI | D118: FA-257 | E118: 8
B119: 6 | C119: PRASAD RAKSHE | D119: FA-257 | E119: 8
B120: 7 | C120: SHUBHAM MANE | D120: FA-265 | E120: 8
B121: 8 | C121: SURAJ DIGHE | D121: FA-257 | E121: 8
B122: 9 | C122: SANKET GHANWAT | D122: FA-241 | E122: 8
B123: 10 | C123: ROHAN KHARAT | D123: FA-257 | E123: 8
B124: 11 | C124: KEVIN VEGAD | D124: FA-257 | E124: 8
B125: 12 | C125: ABHISHEKH TELANG | D125: FA-257 | E125: 8
... B153: 39 | C153: UMANG PATEL | D153: FA242 | E153: 8
B154: 40 | E154: 0
B155: 41 | C155: AYUSH PATIL | D155: FA263 | E155: 8
B156: 42 | C156: HARSHAL PAWAR | D156: FA272 | E156: 8
B157: 43 | C157: MAYUR SALUNKHE | D157: FA263 | E157: 8
B158: 44 | C158: KISHOR GOPALE | D158: FA270 | E158: 8
B159: 45 | C159: MANI SHANKAR | D159: FA270 | E159: 8
B160: 46 | C160: VISHAL GAWADE | D160: FA270 | E160: 8
B161: 47 | C161: SACHIN ROHAKALE | D161: FA270 | E161: 8
B162: 48 | C162: SHREYA CHAVHAN | D162: FA270 | E162: 8
B163: 49 | C163: SHEKHAR PAWAR | D163: FA270 | E163: 8
B164: 50 | C164: PRATHAMESH ROKADE | D164: FA270 | E164: 8
B165: 51 | C165: RAKESH BISEN | D165: FA270 | E165: 8
B166: 52 | C166: SAHIL DHAKE | D166: FA270 | E166: 8
... B199: 85 | C199: ANIKET KANOJIA | D199: FA263 | E199: 8
B200: 83
B201: 84
B202: 85
B203: 86
B204: 87
B205: 88
B206: 89
B207: 90
B208: 91
B209: 92
B210: 93
B211: 94
... B217: 100
B220: Daily plan | F220: Date :- | G220: =G111+1 -> 46113
B222: S.No. | C222: Emp. name | D222: PROJECT CODES | E222: Actual time to finish
B223: 1 | C223: SUSHIL URKUDE | D223: FA-257 | E223: 8
B224: 2 | C224: SAKET SHAIKH | D224: FA-266 | E224: 8
B225: 3 | C225: AMOL MANDLIK | D225: FA-257 | E225: 8
B226: 4 | C226: BABASO GORE | D226: FA-257 | E226: 8
B227: 5 | C227: KUNDAN KOLI | D227: FA-257 | E227: 8
B228: 6 | C228: PRASAD RAKSHE | D228: FA-257 | E228: 8
B229: 7 | C229: SHUBHAM MANE | D229: FA-265 | E229: 8
B230: 8 | C230: SURAJ DIGHE | D230: FA-257 | E230: 8
B231: 9 | C231: SANKET GHANWAT | D231: FA-241 | E231: 8
B232: 10 | C232: ROHAN KHARAT | D232: FA-257 | E232: 8
B233: 11 | C233: KEVIN VEGAD | D233: FA-257 | E233: 8
B234: 12 | C234: ABHISHEKH TELANG | D234: FA-257 | E234: 8
... B262: 39 | C262: UMANG PATEL | D262: FA242 | E262: 8
B263: 40 | E263: 0
...

Sheet 15
B1: Daily plan | F1: Date :- | G1: ='14'!G1+7 -> 46118
B3: S.No. | C3: Employee name | D3: PROJECT CODES | E3: Actual time to finish
B4: 1 | C4: SUSHIL URKUDE | D4: FA-257 | E4: 8
B5: 2 | C5: SAKET SHAIKH | D5: FA-266 | E5: 8
B6: 3 | C6: AMOL MANDLIK | D6: FA-257 | E6: 8
B7: 4 | C7: BABASO GORE | D7: FA-257 | E7: 8
B8: 5 | C8: KUNDAN KOLI | D8: FA-257 | E8: 8
B9: 6 | C9: PRASAD RAKSHE | D9: FA-257 | E9: 8
B10: 7 | C10: SHUBHAM MANE | D10: FA-265 | E10: 8
B11: 8 | C11: SURAJ DIGHE | D11: FA-257 | E11: 8
B12: 9 | C12: SANKET GHANWAT | D12: FA-241 | E12: 8
B13: 10 | C13: ROHAN KHARAT | D13: FA-257 | E13: 8
B14: 11 | C14: KEVIN VEGAD | D14: FA-257 | E14: 8
B15: 12 | C15: ABHISHEKH TELANG | D15: FA-257 | E15: 8
... B43: 39 | C43: UMANG PATEL | D43: FA242 | E43: 8
B44: 40 | E44: 0
B45: 41 | C45: AYUSH PATIL | D45: FA263 | E45: 8
B46: 42 | C46: HARSHAL PAWAR | D46: FA272 | E46: 8
B47: 43 | C47: MAYUR SALUNKHE | D47: FA263 | E47: 8
B48: 44 | C48: KISHOR GOPALE | D48: FA270 | E48: 8
B49: 45 | C49: MANI SHANKAR | D49: FA270 | E49: 8
B50: 46 | C50: VISHAL GAWADE | D50: FA270 | E50: 8
B51: 47 | C51: SACHIN ROHAKALE | D51: FA270 | E51: 8
B52: 48 | C52: SHREYA CHAVHAN | D52: FA270 | E52: 8
B53: 49 | C53: SHEKHAR PAWAR | D53: FA270 | E53: 8
B54: 50 | C54: PRATHAMESH ROKADE | D54: FA270 | E54: 8
B55: 51 | C55: RAKESH BISEN | D55: FA270 | E55: 8
B56: 52 | C56: SAHIL DHAKE | D56: FA270 | E56: 8
... B89: 85 | C89: ANIKET KANOJIA | D89: FA263 | E89: 8
B90: 85 | C90: ANIKET KANOJIA
B91: 88
B92: 89
B93: 90
B94: 91
B95: 92
B96: 93
B97: 94
B98: 95
B99: 96
B100: 97
B101: 98
B102: 99
... B107: 104
B110: Daily plan | F110: Date :- | G110: =G1+1 -> 46119
B112: S.No. | C112: Emp. name | D112: PROJECT CODES | E112: Actual time to finish
B113: 1 | C113: SUSHIL URKUDE | D113: FA-257 | E113: 8
B114: 2 | C114: SAKET SHAIKH | D114: FA-266 | E114: 8
B115: 3 | C115: AMOL MANDLIK | D115: FA-257 | E115: 8
B116: 4 | C116: BABASO GORE | D116: FA-257 | E116: 8
B117: 5 | C117: KUNDAN KOLI | D117: FA-257 | E117: 8
B118: 6 | C118: PRASAD RAKSHE | D118: FA-257 | E118: 8
B119: 7 | C119: SHUBHAM MANE | D119: FA-265 | E119: 8
B120: 8 | C120: SURAJ DIGHE | D120: FA-257 | E120: 8
B121: 9 | C121: SANKET GHANWAT | D121: FA-241 | E121: 8
B122: 10 | C122: ROHAN KHARAT | D122: FA-257 | E122: 8
B123: 11 | C123: KEVIN VEGAD | D123: FA-257 | E123: 8
B124: 12 | C124: ABHISHEKH TELANG | D124: FA-257 | E124: 8
... B152: 39 | C152: UMANG PATEL | D152: FA242 | E152: 8
B153: 40 | E153: 0
B154: 41 | C154: AYUSH PATIL | D154: FA263 | E154: 8
B155: 42 | C155: HARSHAL PAWAR | D155: FA272 | E155: 8
B156: 43 | C156: MAYUR SALUNKHE | D156: FA263 | E156: 8
B157: 44 | C157: KISHOR GOPALE | D157: FA270 | E157: 8
B158: 45 | C158: MANI SHANKAR | D158: FA270 | E158: 8
B159: 46 | C159: VISHAL GAWADE | D159: FA270 | E159: 8
B160: 47 | C160: SACHIN ROHAKALE | D160: FA270 | E160: 8
B161: 48 | C161: SHREYA CHAVHAN | D161: FA270 | E161: 8
B162: 49 | C162: SHEKHAR PAWAR | D162: FA270 | E162: 8
B163: 50 | C163: PRATHAMESH ROKADE | D163: FA270 | E163: 8
B164: 51 | C164: RAKESH BISEN | D164: FA270 | E164: 8
B165: 52 | C165: SAHIL DHAKE | D165: FA270 | E165: 8
... B198: 85 | C198: ANIKET KANOJIA | D198: FA263 | E198: 8
B199: 85 | C199: ANIKET KANOJIA
B200: 84
B201: 85
B202: 86
B203: 87
B204: 88
B205: 89
B206: 90
B207: 91
B208: 92
B209: 93
B210: 94
B211: 95
... B216: 100
B219: Daily plan | F219: Date :- | G219: =G110+1 -> 46120
B221: S.No. | C221: Emp. name | D221: PROJECT CODES | E221: Actual time to finish
B222: 1 | C222: SUSHIL URKUDE | D222: FA-257 | E222: 8
B223: 2 | C223: SAKET SHAIKH | D223: FA-266 | E223: 8
B224: 3 | C224: AMOL MANDLIK | D224: FA-257 | E224: 8
B225: 4 | C225: BABASO GORE | D225: FA-257 | E225: 8
B226: 5 | C226: KUNDAN KOLI | D226: FA-257 | E226: 8
B227: 6 | C227: PRASAD RAKSHE | D227: FA-257 | E227: 8
B228: 7 | C228: SHUBHAM MANE | D228: FA-265 | E228: 8
B229: 8 | C229: SURAJ DIGHE | D229: FA-257 | E229: 8
B230: 9 | C230: SANKET GHANWAT | D230: FA-241 | E230: 8
B231: 10 | C231: ROHAN KHARAT | D231: FA-257 | E231: 8
B232: 11 | C232: KEVIN VEGAD | D232: FA-257 | E232: 8
B233: 12 | C233: ABHISHEKH TELANG | D233: FA-257 | E233: 8
...

Sheet 16
B1: Daily plan | F1: Date :- | G1: ='15'!G1+7 -> 46125
B3: S.No. | C3: Employee name | D3: PROJECT CODES | E3: Actual time to finish
B4: 1 | C4: SUSHIL URKUDE | D4: FA-257 | E4: 8
B5: 2 | C5: SAKET SHAIKH | D5: FA-266 | E5: 8
B6: 3 | C6: AMOL MANDLIK | D6: FA-257 | E6: 8
B7: 4 | C7: BABASO GORE | D7: FA-257 | E7: 8
B8: 5 | C8: KUNDAN KOLI | D8: FA-257 | E8: 8
B9: 6 | C9: PRASAD RAKSHE | D9: FA-257 | E9: 8
B10: 7 | C10: SHUBHAM MANE | D10: FA-265 | E10: 8
B11: 8 | C11: SURAJ DIGHE | D11: FA-257 | E11: 8
B12: 9 | C12: SANKET GHANWAT | D12: FA-241 | E12: 8
B13: 10 | C13: ROHAN KHARAT | D13: FA-257 | E13: 8
B14: 11 | C14: KEVIN VEGAD | D14: FA-257 | E14: 8
B15: 12 | C15: ABHISHEKH TELANG | D15: FA-257 | E15: 8
... B38: 35 | C38: SWAPNIL MANE | D38: FA272 | E38: 8
B40: 35 | C40: VIKAS SURUSHE
B41: 36 | C41: ABHISHEK MHASKE
B42: 37 | C42: SHUBHAM POREDI
B43: 38 | C43: VISHAL PATIL
B44: 39 | C44: UMANG PATEL
B45: 40 | C45: AKSHAY GAVADE
B46: 41 | C46: AYUSH PATIL
B47: 42 | C47: HARSHAL PAWAR
B48: 43 | C48: MAYUR SALUNKHE
B49: 44 | C49: KISHOR GOPALE | D49: FA273 | E49: 8
B50: 45 | C50: MANI SHANKAR | D50: FA273 | E50: 8
B51: 46 | C51: VISHAL GAWADE | D51: FA273 | E51: 8
B52: 47 | C52: SACHIN ROHAKALE | D52: FA273 | E52: 8
B53: 48 | C53: SHREYA CHAVHAN | D53: FA263 | E53: 8
B54: 49 | C54: SHEKHAR PAWAR | D54: FA263 | E54: 8
B55: 50 | C55: PRATHAMESH ROKADE | D55: FA273 | E55: 8
B56: 51 | C56: RAKESH BISEN | D56: FA273 | E56: 8
B57: 52 | C57: SAHIL DHAKE | D57: FA263 | E57: 8
B58: 53 | C58: ALOK KHANVILKAR | D58: FA272 | E58: 8
B59: 54 | C59: DHANRAJ PAWAR | D59: FA272 | E59: 0
B60: 55 | C60: VIJAY MATE | D60: FA270 | E60: 8
... B66: 61 | C66: MUKIL | D66: FA272 | E66: 8
B67: 62 | C67: PRADEEP CHAUDHARI
B68: 63 | C68: SUMIT KADLAG
B69: 64 | C69: SUSHANT THAKARE
B70: 65 | C70: ROHIT YADAV
B71: 66 | C71: TEJAS ALLAMWAR
B72: 67 | C72: DHANANJAY BIRADWADE
B73: 68 | C73: ASHWIN POREDI
B74: 69 | C74: DNYANESHWAR KARATE
B75: 70
B76: 71 | C76: PARAG CHAUDHARI | D76: FA273 | E76: 8
B77: 72 | C77: SAMBHAJI KADU | D77: FA272 | E77: 8
B78: 73 | C78: AJINATH JAGTAP | D78: FA257 | E78: 8
B79: 74 | C79: ADITYA DONGARE | D79: FA272 | E79: 8
B80: 75 | C80: UMESH KADAM | D80: FA259 | E80: 8
B81: 76 | C81: VIKARAM JADHAV | D81: FA263 | E81: 8
B82: 77 | C82: ARYA KHEDEKAR | D82: FA273 | E82: 8
B83: 78 | C83: LOKESH RADE | D83: FA259 | E83: 8
B84: 79 | C84: MAYURESH SAID | D84: FA275 | E84: 8
B85: 80 | C85: PRAFULLA KOLHE | D85: FA275 | E85: 8
B86: 81 | C86: VINAY BOBADE | D86: FA259 | E86: 8
B87: 82 | C87: ASADULLAH SAYAD | D87: FA275 | E87: 8
... B91: 88 | C91: DIPAK WANI | D91: FA273 | E91: 8
B92: 89
B93: 90
B94: 91
B95: 92
B96: 93
B97: 94
B98: 95
B99: 96
B100: 97
B101: 98
B102: 99
B103: 100
... B107: 104
B110: Daily plan | F110: Date :- | G110: =G1+1 -> 46126
B112: S.No. | C112: Emp. name | D112: PROJECT CODES | E112: Actual time to finish
B113: 1 | C113: SUSHIL URKUDE | D113: FA-257 | E113: 8
B114: 2 | C114: SAKET SHAIKH | D114: FA-266 | E114: 8
B115: 3 | C115: AMOL MANDLIK | D115: FA-257 | E115: 8
B116: 4 | C116: BABASO GORE | D116: FA-257 | E116: 8
B117: 5 | C117: KUNDAN KOLI | D117: FA-257 | E117: 8
B118: 6 | C118: PRASAD RAKSHE | D118: FA-257 | E118: 8
B119: 7 | C119: SHUBHAM MANE | D119: FA-265 | E119: 8
B120: 8 | C120: SURAJ DIGHE | D120: FA-257 | E120: 8
B121: 9 | C121: SANKET GHANWAT | D121: FA-241 | E121: 8
B122: 10 | C122: ROHAN KHARAT | D122: FA-257 | E122: 8
B123: 11 | C123: KEVIN VEGAD | D123: FA-257 | E123: 8
B124: 12 | C124: ABHISHEKH TELANG | D124: FA-257 | E124: 8
... B147: 35 | C147: SWAPNIL MANE | D147: FA272 | E147: 8
B149: 35 | C149: VIKAS SURUSHE
B150: 36 | C150: ABHISHEK MHASKE
B151: 37 | C151: SHUBHAM POREDI
B152: 38 | C152: VISHAL PATIL
B153: 39 | C153: UMANG PATEL
B154: 40 | C154: AKSHAY GAVADE
B155: 41 | C155: AYUSH PATIL
B156: 42 | C156: HARSHAL PAWAR
B157: 43 | C157: MAYUR SALUNKHE
B158: 44 | C158: KISHOR GOPALE | D158: FA273 | E158: 8
B159: 45 | C159: MANI SHANKAR | D159: FA273 | E159: 8
B160: 46 | C160: VISHAL GAWADE | D160: FA273 | E160: 8
B161: 47 | C161: SACHIN ROHAKALE | D161: FA273 | E161: 8
...

Sheet 17
B1: Daily plan | F1: Date :- | G1: ='16'!G1+7 -> 46132
B3: S.No. | C3: Employee name | D3: PROJECT CODES | E3: Actual time to finish
B4: 1 | C4: SUSHIL URKUDE | D4: FA-257 | E4: 8
B5: 2 | C5: SAKET SHAIKH | D5: FA-266 | E5: 8
B6: 3 | C6: AMOL MANDLIK | D6: FA-257 | E6: 8
B7: 4 | C7: BABASO GORE | D7: FA-257 | E7: 8
B8: 5 | C8: KUNDAN KOLI | D8: FA-257 | E8: 8
B9: 6 | C9: PRASAD RAKSHE | D9: FA-257 | E9: 8
B10: 7 | C10: SHUBHAM MANE | D10: FA-265 | E10: 8
B11: 8 | C11: SURAJ DIGHE | D11: FA-257 | E11: 8
B12: 9 | C12: SANKET GHANWAT | D12: FA-241 | E12: 8
B13: 10 | C13: ROHAN KHARAT | D13: FA-257 | E13: 8
B14: 11 | C14: KEVIN VEGAD | D14: FA-257 | E14: 8
B15: 12 | C15: ABHISHEKH TELANG | D15: FA-257 | E15: 8
... B44: 39 | C44: UMANG PATEL | D44: FA249 | E44: 8
B45: 40
B46: 41 | C46: AYUSH PATIL | D46: FA263 | E46: 0
B47: 42 | C47: HARSHAL PAWAR | D47: FA272 | E47: 8
B48: 43 | C48: MAYUR SALUNKHE | D48: FA272 | E48: 0
B49: 44 | C49: KISHOR GOPALE | D49: FA273 | E49: 8
B50: 45 | C50: MANI SHANKAR | D50: FA273 | E50: 8
B51: 46 | C51: VISHAL GAWADE | D51: FA273 | E51: 8
B52: 47 | C52: SACHIN ROHAKALE | D52: FA273 | E52: 8
B53: 48 | C53: SHREYA CHAVHAN | D53: FA263 | E53: 8
B54: 49 | C54: SHEKHAR PAWAR | D54: FA263 | E54: 8
B55: 50 | C55: PRATHAMESH ROKADE | D55: FA273 | E55: 8
B56: 51 | C56: RAKESH BISEN | D56: FA273 | E56: 8
B57: 52 | C57: SAHIL DHAKE | D57: FA263 | E57: 8
... B91: 88 | C91: DIPAK WANI | D91: FA273 | E91: 8
B92: 89
B93: 90
B94: 91
B95: 92
B96: 93
B97: 94
B98: 95
B99: 96
B100: 97
B101: 98
B102: 99
B103: 100
... B107: 104
B110: Daily plan | F110: Date :- | G110: =G1+1 -> 46133
B112: S.No. | C112: Emp. name | D112: PROJECT CODES | E112: Actual time to finish
B113: 1 | C113: SUSHIL URKUDE | D113: FA-257 | E113: 8
B114: 2 | C114: SAKET SHAIKH | D114: FA-266 | E114: 8
B115: 3 | C115: AMOL MANDLIK | D115: FA-257 | E115: 8
B116: 4 | C116: BABASO GORE | D116: FA-257 | E116: 8
B117: 5 | C117: KUNDAN KOLI | D117: FA-257 | E117: 8
B118: 6 | C118: PRASAD RAKSHE | D118: FA-257 | E118: 8
B119: 7 | C119: SHUBHAM MANE | D119: FA-265 | E119: 8
B120: 8 | C120: SURAJ DIGHE | D120: FA-257 | E120: 8
B121: 9 | C121: SANKET GHANWAT | D121: FA-241 | E121: 8
B122: 10 | C122: ROHAN KHARAT | D122: FA-257 | E122: 8
B123: 11 | C123: KEVIN VEGAD | D123: FA-257 | E123: 8
B124: 12 | C124: ABHISHEKH TELANG | D124: FA-257 | E124: 8
... B153: 39 | C153: UMANG PATEL | D153: FA249 | E153: 8
B154: 40
B155: 41 | C155: AYUSH PATIL | D155: FA263 | E155: 0
B156: 42 | C156: HARSHAL PAWAR | D156: FA272 | E156: 8
B157: 43 | C157: MAYUR SALUNKHE | D157: FA263 | E157: 8
B158: 44 | C158: KISHOR GOPALE | D158: FA273 | E158: 8
B159: 45 | C159: MANI SHANKAR | D159: FA273 | E159: 8
B160: 46 | C160: VISHAL GAWADE | D160: FA273 | E160: 8
B161: 47 | C161: SACHIN ROHAKALE | D161: FA273 | E161: 8
B162: 48 | C162: SHREYA CHAVHAN | D162: FA263 | E162: 8
B163: 49 | C163: SHEKHAR PAWAR | D163: FA263 | E163: 8
B164: 50 | C164: PRATHAMESH ROKADE | D164: FA273 | E164: 8
B165: 51 | C165: RAKESH BISEN | D165: FA273 | E165: 8
B166: 52 | C166: SAHIL DHAKE | D166: FA263 | E166: 8
... B200: 84 | C200: DIPAK WANI | D200: FA273 | E200: 8
B201: 85
B202: 86
B203: 87
B204: 88
B205: 89
B206: 90
B207: 91
B208: 92
B209: 93
B210: 94
B211: 95
B212: 96
... B216: 100
B219: Daily plan | F219: Date :- | G219: =G110+1 -> 46134
B221: S.No. | C221: Emp. name | D221: PROJECT CODES | E221: Actual time to finish
B222: 1 | C222: SUSHIL URKUDE | D222: FA-257 | E222: 8
B223: 2 | C223: SAKET SHAIKH | D223: FA-266 | E223: 8
B224: 3 | C224: AMOL MANDLIK | D224: FA-257 | E224: 8
B225: 4 | C225: BABASO GORE | D225: FA-257 | E225: 8
B226: 5 | C226: KUNDAN KOLI | D226: FA-257 | E226: 8
B227: 6 | C227: PRASAD RAKSHE | D227: FA-257 | E227: 8
B228: 7 | C228: SHUBHAM MANE | D228: FA-265 | E228: 8
B229: 8 | C229: SURAJ DIGHE | D229: FA-257 | E229: 8
B230: 9 | C230: SANKET GHANWAT | D230: FA-241 | E230: 8
B231: 10 | C231: ROHAN KHARAT | D231: FA-257 | E231: 8
B232: 11 | C232: KEVIN VEGAD | D232: FA-257 | E232: 8
B233: 12 | C233: ABHISHEKH TELANG | D233: FA-257 | E233: 8
... B262: 39 | C262: UMANG PATEL | D262: FA249 | E262: 8
B263: 40 | C263: AKSHAY GAVADE
...

Sheet 18
B1: Daily plan | F1: Date :- | G1: ='17'!G1+7 -> 46139
B3: S.No. | C3: Employee name | D3: PROJECT CODES | E3: Actual time to finish
B4: 1 | C4: SUSHIL URKUDE | D4: FA-257 | E4: 8
B5: 2 | C5: SAKET SHAIKH | D5: FA-266 | E5: 8
B6: 3 | C6: AMOL MANDLIK | D6: FA-257 | E6: 8
B7: 4 | C7: BABASO GORE | D7: FA-257 | E7: 8
B8: 5 | C8: KUNDAN KOLI | D8: FA-257 | E8: 8
B9: 6 | C9: PRASAD RAKSHE | D9: FA-257 | E9: 8
B10: 7 | C10: SHUBHAM MANE | D10: FA-265 | E10: 8
B11: 8 | C11: SURAJ DIGHE | D11: FA-257 | E11: 8
B12: 9 | C12: SANKET GHANWAT | D12: FA-241 | E12: 8
B13: 10 | C13: ROHAN KHARAT | D13: FA-257 | E13: 8
B14: 11 | C14: KEVIN VEGAD | D14: FA-257 | E14: 8
B15: 12 | C15: ABHISHEKH TELANG | D15: FA-257 | E15: 8
... B48: 39 | C48: UMANG PATEL | D48: FA249 | E48: 8
B49: 40
B50: 41 | C50: AYUSH PATIL | D50: FA263 | E50: 0
B51: 42 | C51: HARSHAL PAWAR | D51: FA272 | E51: 8
B52: 43 | C52: MAYUR SALUNKHE | D52: FA272 | E52: 8
B53: 44 | C53: KISHOR GOPALE | D53: FA273 | E53: 8
B54: 45 | C54: MANI SHANKAR | D54: FA273 | E54: 8
B55: 46 | C55: VISHAL GAWADE | D55: FA273 | E55: 8
B56: 47 | C56: SACHIN ROHAKALE | D56: FA273 | E56: 8
B57: 48 | C57: SHREYA CHAVHAN | D57: FA263 | E57: 8
B58: 49 | C58: SHEKHAR PAWAR | D58: FA263 | E58: 8
B59: 50 | C59: PRATHAMESH ROKADE | D59: FA273 | E59: 8
B60: 51 | C60: RAKESH BISEN | D60: FA273 | E60: 8
B61: 52 | C61: SAHIL DHAKE | D61: FA263 | E61: 8
... B95: 86 | C95: DIPAK WANI | D95: FA273 | E95: 8
B96: 87
B97: 88
B98: 89
B99: 90
B100: 91
B101: 92
B102: 93
B103: 94
B104: 95
B105: 96
B106: 97
B107: 98
... B113: 104
B116: Daily plan | F116: Date :- | G116: =G1+1 -> 46140
B118: S.No. | C118: Emp. name | D118: PROJECT CODES | E118: Actual time to finish
B119: 1 | C119: SUSHIL URKUDE | D119: FA-257 | E119: 8
B120: 2 | C120: SAKET SHAIKH | D120: FA-266 | E120: 8
B121: 3 | C121: AMOL MANDLIK | D121: FA-257 | E121: 8
B122: 4 | C122: BABASO GORE | D122: FA-257 | E122: 8
B123: 5 | C123: KUNDAN KOLI | D123: FA-257 | E123: 8
B124: 6 | C124: PRASAD RAKSHE | D124: FA-257 | E124: 8
B125: 7 | C125: SHUBHAM MANE | D125: FA-265 | E125: 8
B126: 8 | C126: SURAJ DIGHE | D126: FA-257 | E126: 8
B127: 9 | C127: SANKET GHANWAT | D127: FA-241 | E127: 8
B128: 10 | C128: ROHAN KHARAT | D128: FA-257 | E128: 8
B129: 11 | C129: KEVIN VEGAD | D129: FA-257 | E129: 8
B130: 12 | C130: ABHISHEKH TELANG | D130: FA-257 | E130: 8
... B159: 39 | C159: UMANG PATEL | D159: FA249 | E159: 8
B160: 40
B161: 41 | C161: AYUSH PATIL | D161: FA263 | E161: 0
B162: 42 | C162: HARSHAL PAWAR | D162: FA272 | E162: 8
B163: 43 | C163: MAYUR SALUNKHE | D163: FA272 | E163: 0
B164: 44 | C164: KISHOR GOPALE | D164: FA273 | E164: 8
B165: 45 | C165: MANI SHANKAR | D165: FA273 | E165: 8
B166: 46 | C166: VISHAL GAWADE | D166: FA273 | E166: 8
B167: 47 | C167: SACHIN ROHAKALE | D167: FA273 | E167: 8
B168: 48 | C168: SHREYA CHAVHAN | D168: FA263 | E168: 8
B169: 49 | C169: SHEKHAR PAWAR | D169: FA263 | E169: 8
B170: 50 | C170: PRATHAMESH ROKADE | D170: FA273 | E170: 8
B171: 51 | C171: RAKESH BISEN | D171: FA273 | E171: 8
B172: 52 | C172: SAHIL DHAKE | D172: FA263 | E172: 8
... B206: 83 | C206: DIPAK WANI | D206: FA273 | E206: 8
B207: 84
B208: 85
B209: 86
B210: 87
B211: 88
B212: 89
B213: 90
B214: 91
B215: 92
B216: 93
B217: 94
B218: 95
... B223: 100
B226: Daily plan | F226: Date :- | G226: =G116+1 -> 46141
B228: S.No. | C228: Emp. name | D228: PROJECT CODES | E228: Actual time to finish
B229: 1 | C229: SUSHIL URKUDE | D229: FA-257 | E229: 8
B230: 2 | C230: SAKET SHAIKH | D230: FA-266 | E230: 8
B231: 3 | C231: AMOL MANDLIK | D231: FA-257 | E231: 8
B232: 4 | C232: BABASO GORE | D232: FA-257 | E232: 8
B233: 5 | C233: KUNDAN KOLI | D233: FA-257 | E233: 8
B234: 6 | C234: PRASAD RAKSHE | D234: FA-257 | E234: 8
B235: 7 | C235: SHUBHAM MANE | D235: FA-265 | E235: 8
B236: 8 | C236: SURAJ DIGHE | D236: FA-257 | E236: 8
B237: 9 | C237: SANKET GHANWAT | D237: FA-241 | E237: 8
B238: 10 | C238: ROHAN KHARAT | D238: FA-257 | E238: 8
B239: 11 | C239: KEVIN VEGAD | D239: FA-257 | E239: 8
B240: 12 | C240: ABHISHEKH TELANG | D240: FA-257 | E240: 8
... B269: 39 | C269: UMANG PATEL | D269: FA249 | E269: 8
B270: 40 | C270: AKSHAY GAVADE
...

Sheet 19
B1: Daily plan | F1: Date :- | G1: ='18'!G1+7 -> 46146
B3: S.No. | C3: Employee name | D3: PROJECT CODES | E3: Actual time to finish
B4: 1 | C4: SUSHIL URKUDE | D4: FA-276 | E4: 8
B5: 2 | C5: SAKET SHAIKH | D5: FA-276 | E5: 8
B6: 3 | C6: AMOL MANDLIK | D6: FA-276 | E6: 8
B7: 4 | C7: BABASO GORE | D7: FA-257 | E7: 8
B8: 5 | C8: KUNDAN KOLI | D8: FA-276 | E8: 8
B9: 6 | C9: PRASAD RAKSHE | D9: FA-276 | E9: 8
B10: 7 | C10: SHUBHAM MANE | D10: FA-265 | E10: 8
B11: 8 | C11: SURAJ DIGHE | D11: FA-257 | E11: 8
B12: 9 | C12: SANKET GHANWAT | D12: FA-276 | E12: 8
B13: 10 | C13: ROHAN KHARAT | D13: FA-257 | E13: 8
B14: 11 | C14: KEVIN VEGAD | D14: FA-276 | E14: 8
B15: 12 | C15: ABHISHEKH TELANG | D15: FA-257 | E15: 8
... B38: 35 | C38: SWAPNIL MANE | D38: FA272 | E38: 8
B39: 36
B40: 37 | C40: VIKAS SURUSHE | D40: FA272 | E40: 8
B41: 38 | C41: ABHISHEK MHASKE | D41: FA263 | E41: 8
B42: 39 | C42: SHUBHAM POREDI | D42: FA272 | E42: 8
B43: 40 | C43: VISHAL PATIL | D43: FA272 | E43: 8
B44: 41 | C44: UMANG PATEL | D44: FA249 | E44: 8
B45: 42 | C45: GAJANAN CHEKE | D45: FA272 | E45: 0
B46: 43 | C46: AYUSH PATIL | D46: FA263 | E46: 0
B47: 44 | C47: HARSHAL PAWAR | D47: FA272 | E47: 8
B48: 45 | C48: MAYUR SALUNKHE | D48: FA272 | E48: 8
B49: 46 | C49: KISHOR GOPALE | D49: FA273 | E49: 8
B50: 47 | C50: MANI SHANKAR | D50: FA263 | E50: 8
B51: 48 | C51: VISHAL GAWADE | D51: FA273 | E51: 8
... B91: 88 | C91: DIPAK WANI | D91: FA273 | E91: 8
B92: 87
B93: 88
B94: 89
B95: 90
B96: 91
B97: 92
B98: 93
B99: 94
B100: 95
B101: 96
B102: 97
B103: 98
... B109: 104
B112: Daily plan | F112: Date :- | G112: =G1+1 -> 46147
B114: S.No. | C114: Emp. name | D114: PROJECT CODES | E114: Actual time to finish
B115: 1 | C115: SUSHIL URKUDE | D115: FA-276 | E115: 8
B116: 2 | C116: SAKET SHAIKH | D116: FA-276 | E116: 8
B117: 3 | C117: AMOL MANDLIK | D117: FA-276 | E117: 8
B118: 4 | C118: BABASO GORE | D118: FA-257 | E118: 8
B119: 5 | C119: KUNDAN KOLI | D119: FA-276 | E119: 8
B120: 6 | C120: PRASAD RAKSHE | D120: FA-276 | E120: 8
B121: 7 | C121: SHUBHAM MANE | D121: FA-265 | E121: 8
B122: 8 | C122: SURAJ DIGHE | D122: FA-257 | E122: 8
B123: 9 | C123: SANKET GHANWAT | D123: FA-276 | E123: 8
B124: 10 | C124: ROHAN KHARAT | D124: FA-257 | E124: 8
B125: 11 | C125: KEVIN VEGAD | D125: FA-276 | E125: 8
B126: 12 | C126: ABHISHEKH TELANG | D126: FA-257 | E126: 8
... B149: 35 | C149: SWAPNIL MANE | D149: FA272 | E149: 8
B150: 36
B151: 37 | C151: VIKAS SURUSHE | D151: FA272 | E151: 8
B152: 38 | C152: ABHISHEK MHASKE | D152: FA263 | E152: 8
B153: 39 | C153: SHUBHAM POREDI | D153: FA272 | E153: 0
B154: 40 | C154: VISHAL PATIL | D154: FA272 | E154: 8
B155: 41 | C155: UMANG PATEL | D155: FA249 | E155: 8
B156: 42 | C156: GAJANAN CHEKE | D156: FA272 | E156: 8
B157: 43 | C157: AYUSH PATIL | D157: FA263 | E157: 0
B158: 44 | C158: HARSHAL PAWAR | D158: FA272 | E158: 8
B159: 45 | C159: MAYUR SALUNKHE | D159: FA272 | E159: 8
B160: 46 | C160: KISHOR GOPALE | D160: FA273 | E160: 8
B161: 47 | C161: MANI SHANKAR | D161: FA263 | E161: 8
B162: 48 | C162: VISHAL GAWADE | D162: FA273 | E162: 8
... B202: 84 | C202: DIPAK WANI | D202: FA273 | E202: 8
B203: 85
B204: 86
B205: 87
B206: 88
B207: 89
B208: 90
B209: 91
B210: 92
B211: 93
B212: 94
B213: 95
B214: 96
... B218: 100
B221: Daily plan | F221: Date :- | G221: =G112+1 -> 46148
B223: S.No. | C223: Emp. name | D223: PROJECT CODES | E223: Actual time to finish
B224: 1 | C224: SUSHIL URKUDE | D224: FA-276 | E224: 8
B225: 2 | C225: SAKET SHAIKH | D225: FA-276 | E225: 8
B226: 3 | C226: AMOL MANDLIK | D226: FA-276 | E226: 8
B227: 4 | C227: BABASO GORE | D227: FA-257 | E227: 8
B228: 5 | C228: KUNDAN KOLI | D228: FA-276 | E228: 8
B229: 6 | C229: PRASAD RAKSHE | D229: FA-276 | E229: 8
B230: 7 | C230: SHUBHAM MANE | D230: FA-265 | E230: 8
B231: 8 | C231: SURAJ DIGHE | D231: FA-257 | E231: 8
B232: 9 | C232: SANKET GHANWAT | D232: FA-276 | E232: 8
B233: 10 | C233: ROHAN KHARAT | D233: FA-257 | E233: 8
B234: 11 | C234: KEVIN VEGAD | D234: FA-276 | E234: 8
B235: 12 | C235: ABHISHEKH TELANG | D235: FA-257 | E235: 8
... B258: 35 | C258: SWAPNIL MANE | D258: FA272 | E258: 8
B259: 36
...

Sheet 20
B1: Daily plan | F1: Date :- | G1: ='19'!G1+7 -> 46153
B3: S.No. | C3: Employee name | D3: PROJECT CODES | E3: Actual time to finish
B4: 1 | C4: SUSHIL URKUDE | D4: FA-276 | E4: 8
B5: 2 | C5: SAKET SHAIKH | D5: FA-276 | E5: 8
B6: 3 | C6: AMOL MANDLIK | D6: FA-276 | E6: 8
B7: 4 | C7: BABASO GORE | D7: FA-257 | E7: 8
B8: 5 | C8: KUNDAN KOLI | D8: FA-276 | E8: 8
B9: 6 | C9: PRASAD RAKSHE | D9: FA-276 | E9: 8
B10: 7 | C10: SHUBHAM MANE | D10: FA-265 | E10: 8
B11: 8 | C11: SURAJ DIGHE | D11: FA-257 | E11: 8
B12: 9 | C12: SANKET GHANWAT | D12: FA-276 | E12: 8
B13: 10 | C13: ROHAN KHARAT | D13: FA-257 | E13: 8
B14: 11 | C14: KEVIN VEGAD | D14: FA-276 | E14: 8
B15: 12 | C15: ABHISHEKH TELANG | D15: FA-257 | E15: 8
... B38: 35 | C38: SWAPNIL MANE | D38: FA272 | E38: 8
B39: 36
B40: 37 | C40: VIKAS SURUSHE | D40: FA272 | E40: 8
B41: 38 | C41: ABHISHEK MHASKE | D41: FA272 | E41: 0
B42: 39 | C42: SHUBHAM POREDI | D42: FA272 | E42: 8
B43: 40 | C43: VISHAL PATIL | D43: FA272 | E43: 8
B44: 41 | C44: UMANG PATEL | D44: FA249 | E44: 8
B45: 42 | C45: GAJANAN CHEKE | D45: FA272 | E45: 8
B46: 43 | C46: AYUSH PATIL | D46: FA263 | E46: 0
B47: 44 | C47: HARSHAL PAWAR | D47: FA272 | E47: 8
B48: 45 | C48: MAYUR SALUNKHE | D48: FA272 | E48: 8
B49: 46 | C49: KISHOR GOPALE | D49: FA273 | E49: 8
B50: 47 | C50: MANI SHANKAR | D50: FA263 | E50: 8
B51: 48 | C51: VISHAL GAWADE | D51: FA273 | E51: 8
... B91: 88 | C91: DIPAK WANI | D91: FA273 | E91: 8
B92: 89
B93: 90
B94: 91
B95: 92
B96: 93
B97: 94
B98: 95
B99: 96
B100: 97
B101: 98
B102: 99
B103: 100
... B107: 104
B110: Daily plan | F110: Date :- | G110: =G1+1 -> 46154
B112: S.No. | C112: Emp. name | D112: PROJECT CODES | E112: Actual time to finish
B113: 1 | C113: SUSHIL URKUDE | D113: FA-276 | E113: 8
B114: 2 | C114: SAKET SHAIKH | D114: FA-276 | E114: 8
B115: 3 | C115: AMOL MANDLIK | D115: FA-276 | E115: 8
B116: 4 | C116: BABASO GORE | D116: FA-257 | E116: 8
B117: 5 | C117: KUNDAN KOLI | D117: FA-276 | E117: 8
B118: 6 | C118: PRASAD RAKSHE | D118: FA-276 | E118: 8
B119: 7 | C119: SHUBHAM MANE | D119: FA-265 | E119: 8
B120: 8 | C120: SURAJ DIGHE | D120: FA-257 | E120: 8
B121: 9 | C121: SANKET GHANWAT | D121: FA-276 | E121: 8
B122: 10 | C122: ROHAN KHARAT | D122: FA-257 | E122: 8
B123: 11 | C123: KEVIN VEGAD | D123: FA-276 | E123: 8
B124: 12 | C124: ABHISHEKH TELANG | D124: FA-257 | E124: 8
... B147: 35 | C147: SWAPNIL MANE | D147: FA272 | E147: 8
B148: 36
B149: 37 | C149: VIKAS SURUSHE | D149: FA272 | E149: 8
B150: 38 | C150: ABHISHEK MHASKE | D150: FA272 | E150: 0
B151: 39 | C151: SHUBHAM POREDI | D151: FA272 | E151: 8
B152: 40 | C152: VISHAL PATIL | D152: FA272 | E152: 8
B153: 41 | C153: UMANG PATEL | D153: FA249 | E153: 8
B154: 42 | C154: GAJANAN CHEKE | D154: FA272 | E154: 8
B155: 43 | C155: AYUSH PATIL | D155: FA263 | E155: 0
B156: 44 | C156: HARSHAL PAWAR | D156: FA272 | E156: 8
B157: 45 | C157: MAYUR SALUNKHE | D157: FA272 | E157: 8
B158: 46 | C158: KISHOR GOPALE | D158: FA273 | E158: 8
B159: 47 | C159: MANI SHANKAR | D159: FA263 | E159: 8
B160: 48 | C160: VISHAL GAWADE | D160: FA273 | E160: 8
... B200: 84 | C200: DIPAK WANI | D200: FA273 | E200: 8
B201: 85
B202: 86
B203: 87
B204: 88
B205: 89
B206: 90
B207: 91
B208: 92
B209: 93
B210: 94
B211: 95
B212: 96
... B216: 100
B219: Daily plan | F219: Date :- | G219: =G110+1 -> 46155
B221: S.No. | C221: Emp. name | D221: PROJECT CODES | E221: Actual time to finish
B222: 1 | C222: SUSHIL URKUDE | D222: FA-276 | E222: 8
B223: 2 | C223: SAKET SHAIKH | D223: FA-276 | E223: 8
B224: 3 | C224: AMOL MANDLIK | D224: FA-276 | E224: 8
B225: 4 | C225: BABASO GORE | D225: FA-257 | E225: 8
B226: 5 | C226: KUNDAN KOLI | D226: FA-276 | E226: 8
B227: 6 | C227: PRASAD RAKSHE | D227: FA-276 | E227: 8
B228: 7 | C228: SHUBHAM MANE | D228: FA-265 | E228: 8
B229: 8 | C229: SURAJ DIGHE | D229: FA-257 | E229: 8
B230: 9 | C230: SANKET GHANWAT | D230: FA-276 | E230: 8
B231: 10 | C231: ROHAN KHARAT | D231: FA-257 | E231: 8
B232: 11 | C232: KEVIN VEGAD | D232: FA-276 | E232: 8
B233: 12 | C233: ABHISHEKH TELANG | D233: FA-257 | E233: 8
... B256: 35 | C256: SWAPNIL MANE | D256: FA272 | E256: 8
B257: 36
...

Sheet 21
B1: Daily plan | F1: Date :- | G1: ='20'!G1+7 -> 46160
B3: S.No. | C3: Employee name | D3: PROJECT CODES | E3: Actual time to finish
B4: 1 | C4: SUSHIL URKUDE | D4: FA-276 | E4: 8
B5: 2 | C5: SAKET SHAIKH | D5: FA-276 | E5: 8
B6: 3 | C6: AMOL MANDLIK | D6: FA-276 | E6: 8
B7: 4 | C7: BABASO GORE | D7: FA-257 | E7: 8
B8: 5 | C8: KUNDAN KOLI | D8: FA-276 | E8: 8
B9: 6 | C9: PRASAD RAKSHE | D9: FA-276 | E9: 8
B10: 7 | C10: SHUBHAM MANE | D10: FA-265 | E10: 8
B11: 8 | C11: SURAJ DIGHE | D11: FA-257 | E11: 8
B12: 9 | C12: SANKET GHANWAT | D12: FA-276 | E12: 8
B13: 10 | C13: ROHAN KHARAT | D13: FA-257 | E13: 8
B14: 11 | C14: KEVIN VEGAD | D14: FA-276 | E14: 8
B15: 12 | C15: ABHISHEKH TELANG | D15: FA-257 | E15: 8
... B38: 35 | C38: SWAPNIL MANE | D38: FA272 | E38: 8
B39: 36 | C39: SUSHANT DESHMUKH
B40: 37 | C40: xxxx
B41: 38 | C41: xxxx
B42: 39 | C42: xxxx
B43: 40 | C43: xxxx
B44: 35 | C44: VIKAS SURUSHE | D44: FA272 | E44: 8
B45: 36 | C45: ABHISHEK MHASKE | D45: FA263 | E45: 8
B46: 37 | C46: SHUBHAM POREDI | D46: FA272 | E46: 8
B47: 38 | C47: VISHAL PATIL | D47: FA272 | E47: 8
B48: 39 | C48: UMANG PATEL | D48: FA249 | E48: 0
B49: 40 | C49: GAJANAN CHEKE | D49: FA272 | E49: 0
B50: 41 | C50: AYUSH PATIL | D50: FA263 | E50: 8
B51: 42 | C51: HARSHAL PAWAR | D51: FA272 | E51: 8
B52: 43 | C52: MAYUR SALUNKHE | D52: FA249 | E52: 8
B53: 44 | C53: KISHOR GOPALE | D53: FA273 | E53: 8
B54: 45 | C54: MANI SHANKAR | D54: FA263 | E54: 8
B55: 46 | C55: VISHAL GAWADE | D55: FA273 | E55: 8
... B95: 86 | C95: DIPAK WANI | D95: FA273 | E95: 8
B96: 93
B97: 94
B98: 95
B99: 96
B100: 97
B101: 98
B102: 99
B103: 100
B104: 101
B105: 102
B106: 103
B107: 104
B110: Daily plan | F110: Date :- | G110: =G1+1 -> 46161
B112: S.No. | C112: Emp. name | D112: PROJECT CODES | E112: Actual time to finish
B113: 1 | C113: SUSHIL URKUDE | D113: FA-276 | E113: 8
B114: 2 | C114: SAKET SHAIKH | D114: FA-276 | E114: 8
B115: 3 | C115: AMOL MANDLIK | D115: FA-276 | E115: 8
B116: 4 | C116: BABASO GORE | D116: FA-257 | E116: 8
B117: 5 | C117: KUNDAN KOLI | D117: FA-276 | E117: 8
B118: 6 | C118: PRASAD RAKSHE | D118: FA-276 | E118: 8
B119: 7 | C119: SHUBHAM MANE | D119: FA-265 | E119: 8
B120: 8 | C120: SURAJ DIGHE | D120: FA-257 | E120: 8
B121: 9 | C121: SANKET GHANWAT | D121: FA-276 | E121: 8
B122: 10 | C122: ROHAN KHARAT | D122: FA-257 | E122: 8
B123: 11 | C123: KEVIN VEGAD | D123: FA-276 | E123: 8
B124: 12 | C124: ABHISHEKH TELANG | D124: FA-257 | E124: 8
... B134: 20 | C134: ANKUR YADAV | D134: FA270 | E134: 8
C135: Shivanand V Konnur | D135: FA273 | E135: 8
C136: Abdul Nadaf | D136: FA273 | E136: 8
B137: 25 | C137: SURAJ GAIKWAD | D137: FA272 | E137: 8
B138: 26 | C138: AJAY NAVTHAR | D138: FA272 | E138: 8
B139: 27 | C139: RAVINDRA MATE | D139: FA258 | E139: 8
B140: 28 | C140: KETAN MATE | D140: FA258 | E140: 8
B141: 29 | C141: ANURAG MANE | D141: FA272 | E141: 8
B142: 30 | C142: JOTIBA PATIL | D142: FA272 | E142: 8
B143: 31 | C143: VAIBHAV GUND | D143: FA272 | E143: 8
B144: 32 | C144: ABHISHEK BOKMURKAR | D144: FA272 | E144: 8
B145: 33 | C145: SURAJ MAHADIK | D145: FA272 | E145: 8
B146: 34 | C146: RUPESH SURYWANSHI | D146: FA272 | E146: 8
B147: 35 | C147: SWAPNIL MANE | D147: FA272 | E147: 8
B148: 36 | C148: SUSHANT DESHMUKH
B149: 37 | C149: xxxx
B150: 38 | C150: xxxx
B151: 39 | C151: xxxx
B152: 40 | C152: xxxx
B153: 35 | C153: VIKAS SURUSHE | D153: FA272 | E153: 8
B154: 36 | C154: ABHISHEK MHASKE | D154: FA263 | E154: 8
B155: 37 | C155: SHUBHAM POREDI | D155: FA272 | E155: 8
B156: 38 | C156: VISHAL PATIL | D156: FA272 | E156: 8
B157: 39 | C157: UMANG PATEL | D157: FA249 | E157: 0
B158: 40 | C158: GAJANAN CHEKE | D158: FA272 | E158: 0
B159: 41 | C159: AYUSH PATIL | D159: FA263 | E159: 8
B160: 42 | C160: HARSHAL PAWAR | D160: FA272 | E160: 8
B161: 43 | C161: MAYUR SALUNKHE | D161: FA249 | E161: 8
B162: 44 | C162: KISHOR GOPALE | D162: FA273 | E162: 8
B163: 45 | C163: MANI SHANKAR | D163: FA263 | E163: 8
B164: 46 | C164: VISHAL GAWADE | D164: FA273 | E164: 8
... B206: 88 | C206: DIPAK WANI | D206: FA273 | E206: 8
B207: 89
B208: 90
B209: 91
B210: 92
B211: 93
B212: 94
B213: 95
B214: 96
B215: 97
...

Sheet 22
B1: Daily plan | F1: Date :- | G1: ='21'!G1+7 -> 46167
B3: S.No. | C3: Employee name | D3: PROJECT CODES | E3: Actual time to finish
B4: 1 | C4: SUSHIL URKUDE | D4: FA-276 | E4: 8
B5: 2 | C5: SAKET SHAIKH | D5: FA-276 | E5: 8
B6: 3 | C6: AMOL MANDLIK | D6: FA-276 | E6: 8
B7: 4 | C7: BABASO GORE | D7: FA-257 | E7: 8
B8: 5 | C8: KUNDAN KOLI | D8: FA-276 | E8: 8
B9: 6 | C9: PRASAD RAKSHE | D9: FA-276 | E9: 8
B10: 7 | C10: SHUBHAM MANE | D10: FA-265 | E10: 8
B11: 8 | C11: SURAJ DIGHE | D11: FA-257 | E11: 8
B12: 9 | C12: SANKET GHANWAT | D12: FA-276 | E12: 8
B13: 10 | C13: ROHAN KHARAT | D13: FA-257 | E13: 8
B14: 11 | C14: KEVIN VEGAD | D14: FA-276 | E14: 8
B15: 12 | C15: ABHISHEKH TELANG | D15: FA-257 | E15: 8
... B39: 36 | C39: SUSHANT DESHMUKH | D39: FA277 | E39: 8
B40: 37 | C40: xxxx
B41: 38 | C41: xxxx
B42: 39 | C42: xxxx
B43: 40 | C43: xxxx
B44: 35 | C44: VIKAS SURUSHE | D44: FA272 | E44: 8
B45: 36 | C45: ABHISHEK MHASKE | D45: FA263 | E45: 8
B46: 37 | C46: SHUBHAM POREDI | D46: FA272 | E46: 8
B47: 38 | C47: VISHAL PATIL | D47: FA272 | E47: 0
B48: 39 | C48: UMANG PATEL | D48: FA249 | E48: 8
B49: 40 | C49: GAJANAN CHEKE | D49: FA272 | E49: 0
B50: 41 | C50: AYUSH PATIL | D50: FA263 | E50: 8
B51: 42 | C51: HARSHAL PAWAR | D51: FA272 | E51: 8
B52: 43 | C52: MAYUR SALUNKHE | D52: FA238 | E52: 8
B53: 44 | C53: KISHOR GOPALE | D53: FA273 | E53: 0
B54: 45 | C54: MANI SHANKAR | D54: FA263 | E54: 8
B55: 46 | C55: VISHAL GAWADE | D55: FA263 | E55: 8
... B97: 86 | C97: DIPAK WANI | D97: FA273 | E97: 8
B98: 93
B99: 94
B100: 95
B101: 96
B102: 97
B103: 98
B104: 99
B105: 100
B106: 101
B107: 102
B108: 103
B109: 104
B112: Daily plan | F112: Date :- | G112: =G1+1 -> 46168
B114: S.No. | C114: Emp. name | D114: PROJECT CODES | E114: Actual time to finish
B115: 1 | C115: SUSHIL URKUDE | D115: FA-276 | E115: 8
B116: 2 | C116: SAKET SHAIKH | D116: FA-276 | E116: 8
B117: 3 | C117: AMOL MANDLIK | D117: FA-276 | E117: 8
B118: 4 | C118: BABASO GORE | D118: FA-257 | E118: 8
B119: 5 | C119: KUNDAN KOLI | D119: FA-276 | E119: 8
B120: 6 | C120: PRASAD RAKSHE | D120: FA-276 | E120: 8
B121: 7 | C121: SHUBHAM MANE | D121: FA-265 | E121: 8
B122: 8 | C122: SURAJ DIGHE | D122: FA-257 | E122: 8
B123: 9 | C123: SANKET GHANWAT | D123: FA-276 | E123: 8
B124: 10 | C124: ROHAN KHARAT | D124: FA-257 | E124: 8
B125: 11 | C125: KEVIN VEGAD | D125: FA-276 | E125: 8
B126: 12 | C126: ABHISHEKH TELANG | D126: FA-257 | E126: 8
... B136: 20 | C136: ANKUR YADAV | D136: FA270 | E136: 8
C137: Shivanand V Konnur | D137: FA273 | E137: 8
C138: Abdul Nadaf | D138: FA273 | E138: 8
B139: 25 | C139: SURAJ GAIKWAD | D139: FA272 | E139: 8
B140: 26 | C140: AJAY NAVTHAR | D140: FA277 | E140: 8
B141: 27 | C141: RAVINDRA MATE | D141: FA258 | E141: 8
B142: 28 | C142: KETAN MATE | D142: FA258 | E142: 8
B143: 29 | C143: ANURAG MANE | D143: FA272 | E143: 8
B144: 30 | C144: JOTIBA PATIL | D144: FA268 | E144: 8
B145: 31 | C145: VAIBHAV GUND | D145: FA272 | E145: 8
B146: 32 | C146: ABHISHEK BOKMURKAR | D146: FA268 | E146: 8
B147: 33 | C147: SURAJ MAHADIK | D147: FA272 | E147: 8
B148: 34 | C148: RUPESH SURYWANSHI | D148: FA272 | E148: 8
B149: 35 | C149: SWAPNIL MANE | D149: FA272 | E149: 8
B150: 36 | C150: SUSHANT DESHMUKH | D150: FA277 | E150: 8
B151: 37 | C151: xxxx
B152: 38 | C152: xxxx
B153: 39 | C153: xxxx
B154: 40 | C154: xxxx
B155: 35 | C155: VIKAS SURUSHE | D155: FA272 | E155: 8
B156: 36 | C156: ABHISHEK MHASKE | D156: FA263 | E156: 8
B157: 37 | C157: SHUBHAM POREDI | D157: FA272 | E157: 8
B158: 38 | C158: VISHAL PATIL | D158: FA272 | E158: 0
B159: 39 | C159: UMANG PATEL | D159: FA249 | E159: 8
B160: 40 | C160: GAJANAN CHEKE | D160: FA272 | E160: 0
B161: 41 | C161: AYUSH PATIL | D161: FA263 | E161: 8
B162: 42 | C162: HARSHAL PAWAR | D162: FA272 | E162: 8
B163: 43 | C163: MAYUR SALUNKHE | D163: FA238 | E163: 8
B164: 44 | C164: KISHOR GOPALE | D164: FA273 | E164: 0
B165: 45 | C165: MANI SHANKAR | D165: FA263 | E165: 8
B166: 46 | C166: VISHAL GAWADE | D166: FA263 | E166: 8
... B208: 88 | C208: DIPAK WANI | D208: FA273 | E208: 8
B209: 89
B210: 90
B211: 91
B212: 92
B213: 93
B214: 94
B215: 95
B216: 96
B217: 97
B218: 98
...

Sheet 23
B1: Daily plan | F1: Date :- | G1: ='22'!G1+7 -> 46174
B3: S.No. | C3: Employee name | D3: PROJECT CODES | E3: Actual time to finish
B4: 1 | C4: SUSHIL URKUDE | D4: FA-276 | E4: 8
B5: 2 | C5: SAKET SHAIKH | D5: FA-276 | E5: 8
B6: 3 | C6: AMOL MANDLIK | D6: FA-276 | E6: 8
B7: 4 | C7: BABASO GORE | D7: FA-257 | E7: 8
B8: 5 | C8: KUNDAN KOLI | D8: FA-276 | E8: 8
B9: 6 | C9: PRASAD RAKSHE | D9: FA-276 | E9: 8
B10: 7 | C10: SHUBHAM MANE | D10: FA-257 | E10: 8
B11: 8 | C11: SURAJ DIGHE | D11: FA-257 | E11: 8
B12: 9 | C12: SANKET GHANWAT | D12: FA-276 | E12: 8
B13: 10 | C13: ROHAN KHARAT | D13: FA-257 | E13: 8
B14: 11 | C14: KEVIN VEGAD | D14: FA-276 | E14: 8
B15: 12 | C15: ABHISHEKH TELANG | D15: FA-257 | E15: 8
... B27: 24 | C27: Abdul Nadaf | D27: FA273 | E27: 8
B28: 25 | C28: SURAJ GAIKWAD
B29: 26 | C29: AJAY NAVTHAR
B30: 27 | C30: RAVINDRA MATE
B31: 28 | C31: KETAN MATE
B32: 29 | C32: ANURAG MANE
B33: 30 | C33: JOTIBA PATIL
B34: 31 | C34: VAIBHAV GUND
B35: 32 | C35: ABHISHEK BOKMURKAR
B36: 33 | C36: SURAJ MAHADIK
B37: 34 | C37: RUPESH SURYWANSHI
B38: 35 | C38: SWAPNIL MANE
B40: 35 | C40: VIKAS SURUSHE | D40: FA272 | E40: 8
B41: 36 | C41: ABHISHEK MHASKE | D41: FA263 | E41: 8
B42: 37 | C42: SHUBHAM POREDI | D42: FA272 | E42: 8
B43: 38 | C43: VISHAL PATIL | D43: FA272 | E43: 8
B44: 39 | C44: UMANG PATEL | D44: FA249 | E44: 8
B45: 40 | C45: GAJANAN CHEKE | D45: FA272 | E45: 0
B46: 41 | C46: AYUSH PATIL | D46: FA263 | E46: 8
B47: 42 | C47: HARSHAL PAWAR | D47: FA272 | E47: 8
B48: 43 | C48: MAYUR SALUNKHE | D48: FA238 | E48: 8
B49: 44 | C49: KISHOR GOPALE | D49: FA273 | E49: 8
B50: 45 | C50: MANI SHANKAR | D50: FA263 | E50: 8
B51: 46 | C51: VISHAL GAWADE | D51: FA273 | E51: 8
... B78: 70 | C78: INDRAJIT SHINDE | D78: FA273 | E78: 0
B79: 71 | C79: PARAG CHAUDHARI
B80: 72 | C80: SAMBHAJI KADU
B81: 73 | C81: AJINATH JAGTAP
B82: 74 | C82: ADITYA DONGARE
B83: 75 | C83: UMESH KADAM
B84: 76 | C84: VIKARAM JADHAV
B85: 77 | C85: ARYA KHEDEKAR
B86: 78 | C86: LOKESH RADE
B87: 79 | C87: MAYURESH SAID
B88: 80 | C88: PRAFULLA KOLHE
B89: 81 | C89: VINAY BOBADE
B90: 82 | C90: ASADULLAH SAYAD
... B93: 85 | C93: ANIKET KANOJIA
B94: 86
B95: 87
B96: 88
B97: 89
B98: 90
B99: 91
B100: 92
B101: 93
B102: 94
B103: 95
B104: 96
B105: 97
... B112: 104
B115: Daily plan | F115: Date :- | G115: =G1+1 -> 46175
B117: S.No. | C117: Emp. name | D117: PROJECT CODES | E117: Actual time to finish
B118: 1 | C118: SUSHIL URKUDE | D118: FA-276 | E118: 8
B119: 2 | C119: SAKET SHAIKH | D119: FA-276 | E119: 8
B120: 3 | C120: AMOL MANDLIK | D120: FA-276 | E120: 8
B121: 4 | C121: BABASO GORE | D121: FA-257 | E121: 8
B122: 5 | C122: KUNDAN KOLI | D122: FA-276 | E122: 8
B123: 6 | C123: PRASAD RAKSHE | D123: FA-276 | E123: 8
B124: 7 | C124: SHUBHAM MANE | D124: FA-257 | E124: 8
B125: 8 | C125: SURAJ DIGHE | D125: FA-257 | E125: 8
B126: 9 | C126: SANKET GHANWAT | D126: FA-276 | E126: 8
B127: 10 | C127: ROHAN KHARAT | D127: FA-257 | E127: 8
B128: 11 | C128: KEVIN VEGAD | D128: FA-276 | E128: 8
B129: 12 | C129: ABHISHEKH TELANG | D129: FA-257 | E129: 8
... B141: 24 | C141: Abdul Nadaf | D141: FA273 | E141: 8
B142: 25 | C142: SURAJ GAIKWAD
B143: 26 | C143: AJAY NAVTHAR
B144: 27 | C144: RAVINDRA MATE
B145: 28 | C145: KETAN MATE
B146: 29 | C146: ANURAG MANE
B147: 30 | C147: JOTIBA PATIL
B148: 31 | C148: VAIBHAV GUND
B149: 32 | C149: ABHISHEK BOKMURKAR
B150: 33 | C150: SURAJ MAHADIK
B151: 34 | C151: RUPESH SURYWANSHI
B152: 35 | C152: SWAPNIL MANE
B154: 35 | C154: VIKAS SURUSHE | D154: FA272 | E154: 8
B155: 36 | C155: ABHISHEK MHASKE | D155: FA263 | E155: 8
B156: 37 | C156: SHUBHAM POREDI | D156: FA272 | E156: 8
B157: 38 | C157: VISHAL PATIL | D157: FA272 | E157: 8
B158: 39 | C158: UMANG PATEL | D158: FA249 | E158: 8
B159: 40 | C159: GAJANAN CHEKE | D159: FA272 | E159: 0
B160: 41 | C160: AYUSH PATIL | D160: FA263 | E160: 8
B161: 42 | C161: HARSHAL PAWAR | D161: FA272 | E161: 8
B162: 43 | C162: MAYUR SALUNKHE | D162: FA238 | E162: 8
...

Sheet 24
B1: Daily plan | F1: Date :- | G1: ='23'!G1+7 -> 46181
B3: S.No. | C3: Employee name | D3: PROJECT CODES | E3: Actual time to finish
B4: 1 | C4: SUSHIL URKUDE | D4: FA-276 | E4: 8
B5: 2 | C5: SAKET SHAIKH | D5: FA-276 | E5: 8
B6: 3 | C6: AMOL MANDLIK | D6: FA-276 | E6: 8
B7: 4 | C7: BABASO GORE | D7: FA-257 | E7: 8
B8: 5 | C8: KUNDAN KOLI | D8: FA-276 | E8: 8
B9: 6 | C9: PRASAD RAKSHE | D9: FA-276 | E9: 8
B10: 7 | C10: SHUBHAM MANE | D10: FA-257 | E10: 8
B11: 8 | C11: SURAJ DIGHE | D11: FA-257 | E11: 8
B12: 9 | C12: SANKET GHANWAT | D12: FA-276 | E12: 8
B13: 10 | C13: ROHAN KHARAT | D13: FA-257 | E13: 8
B14: 11 | C14: KEVIN VEGAD | D14: FA-276 | E14: 8
B15: 12 | C15: ABHISHEKH TELANG | D15: FA-257 | E15: 8
B16: 13 | C16: DATTA MATE
B17: 14 | C17: NAVNATH MHASKE
B18: 15 | C18: ADITYA ADAT
B19: 16 | C19: SUNIL GAIKWAD
B20: 17 | C20: Karthik V Bakale
B21: 18 | C21: SANKET KHAIRE
B22: 19 | C22: PRATHMESH PATIL
B23: 20 | C23: HARSHAD KASAR
B24: 21 | C24: SOURABH KHATAWKAR
B25: 22 | C25: ANKUR YADAV
B26: 23 | C26: Shivanand V Konnur
B27: 24 | C27: Abdul Nadaf
... B38: 35 | C38: SWAPNIL MANE
B40: 35 | C40: VIKAS SURUSHE | D40: FA272 | E40: 8
B41: 36 | C41: ABHISHEK MHASKE | D41: FA263 | E41: 8
B42: 37 | C42: SHUBHAM POREDI | D42: FA272 | E42: 8
B43: 38 | C43: VISHAL PATIL | D43: FA272 | E43: 8
B44: 39 | C44: UMANG PATEL | D44: FA249 | E44: 8
B45: 40 | C45: GAJANAN CHEKE | D45: FA272 | E45: 0
B46: 41 | C46: AYUSH PATIL | D46: FA263 | E46: 8
B47: 42 | C47: HARSHAL PAWAR | D47: FA272 | E47: 8
B48: 43 | C48: MAYUR SALUNKHE | D48: FA249 | E48: 8
B49: 44 | C49: KISHOR GOPALE | D49: FA273 | E49: 8
B50: 45 | C50: MANI SHANKAR | D50: FA263 | E50: 8
B51: 46 | C51: VISHAL GAWADE | D51: FA273 | E51: 8
... B78: 70 | C78: INDRAJIT SHINDE | D78: FA273 | E78: 8
B79: 71 | C79: PARAG CHAUDHARI
B80: 72 | C80: SAMBHAJI KADU
B81: 73 | C81: AJINATH JAGTAP
B82: 74 | C82: ADITYA DONGARE
B83: 75 | C83: UMESH KADAM
B84: 76 | C84: VIKARAM JADHAV
B85: 77 | C85: ARYA KHEDEKAR
B86: 78 | C86: LOKESH RADE
B87: 79 | C87: MAYURESH SAID
B88: 80 | C88: PRAFULLA KOLHE
B89: 81 | C89: VINAY BOBADE
B90: 82 | C90: ASADULLAH SAYAD
... B93: 85 | C93: ANIKET KANOJIA
B94: 86
B95: 87
B96: 88
B97: 89
B98: 90
B99: 91
B100: 92
B101: 93
B102: 94
B103: 95
B104: 96
B105: 97
... B112: 104
B115: Daily plan | F115: Date :- | G115: =G1+1 -> 46182
B117: S.No. | C117: Emp. name | D117: PROJECT CODES | E117: Actual time to finish
B118: 1 | C118: SUSHIL URKUDE | D118: FA-276 | E118: 8
B119: 2 | C119: SAKET SHAIKH | D119: FA-276 | E119: 8
B120: 3 | C120: AMOL MANDLIK | D120: FA-276 | E120: 8
B121: 4 | C121: BABASO GORE | D121: FA-257 | E121: 8
B122: 5 | C122: KUNDAN KOLI | D122: FA-276 | E122: 8
B123: 6 | C123: PRASAD RAKSHE | D123: FA-276 | E123: 8
B124: 7 | C124: SHUBHAM MANE | D124: FA-257 | E124: 8
B125: 8 | C125: SURAJ DIGHE | D125: FA-257 | E125: 8
B126: 9 | C126: SANKET GHANWAT | D126: FA-276 | E126: 8
B127: 10 | C127: ROHAN KHARAT | D127: FA-257 | E127: 8
B128: 11 | C128: KEVIN VEGAD | D128: FA-276 | E128: 8
B129: 12 | C129: ABHISHEKH TELANG | D129: FA-257 | E129: 8
B130: 13 | C130: DATTA MATE
B131: 14 | C131: NAVNATH MHASKE
B132: 15 | C132: ADITYA ADAT
B133: 16 | C133: SUNIL GAIKWAD
B134: 17 | C134: Karthik V Bakale
B135: 18 | C135: SANKET KHAIRE
B136: 19 | C136: PRATHMESH PATIL
B137: 20 | C137: HARSHAD KASAR
B138: 21 | C138: SOURABH KHATAWKAR
B139: 22 | C139: ANKUR YADAV
B140: 23 | C140: Shivanand V Konnur
B141: 24 | C141: Abdul Nadaf
... B158: 39 | C158: UMANG PATEL
B159: 40
B160: 41 | C160: AYUSH PATIL
B161: 42 | C161: HARSHAL PAWAR
B162: 43 | C162: MAYUR SALUNKHE
B163: 44 | C163: KISHOR GOPALE | D163: FA273 | E163: 8
B164: 45 | C164: MANI SHANKAR | D164: FA263 | E164: 8
B165: 46 | C165: VISHAL GAWADE | D165: FA273 | E165: 8
...

Sheet 25
B1: Daily plan | F1: Date :- | G1: ='24'!G1+7 -> 46188
B3: S.No. | C3: Employee name | D3: PROJECT CODES | E3: Actual time to finish
B4: 1 | C4: SUSHIL URKUDE | D4: FA-276 | E4: 8
B5: 2 | C5: SAKET SHAIKH | D5: FA-276 | E5: 8
B6: 3 | C6: AMOL MANDLIK | D6: FA-276 | E6: 8
B7: 4 | C7: BABASO GORE | D7: FA-257 | E7: 8
B8: 5 | C8: KUNDAN KOLI | D8: FA-276 | E8: 8
B9: 6 | C9: PRASAD RAKSHE | D9: FA-276 | E9: 8
B10: 7 | C10: SHUBHAM MANE | D10: FA-257 | E10: 8
B11: 8 | C11: SURAJ DIGHE | D11: FA-257 | E11: 8
B12: 9 | C12: SANKET GHANWAT | D12: FA-276 | E12: 8
B13: 10 | C13: ROHAN KHARAT | D13: FA-257 | E13: 8
B14: 11 | C14: KEVIN VEGAD | D14: FA-276 | E14: 8
B15: 12 | C15: ABHISHEKH TELANG | D15: FA-257 | E15: 8
B16: 13 | C16: DATTA MATE
B17: 14 | C17: NAVNATH MHASKE
B18: 15 | C18: ADITYA ADAT
B19: 16 | C19: SUNIL GAIKWAD
B20: 17 | C20: Karthik V Bakale
B21: 18 | C21: SANKET KHAIRE
B22: 19 | C22: PRATHMESH PATIL
B23: 20 | C23: HARSHAD KASAR
B24: 21 | C24: SOURABH KHATAWKAR
B25: 22 | C25: ANKUR YADAV
B26: 23 | C26: Shivanand V Konnur
B27: 24 | C27: Abdul Nadaf
... B44: 39 | C44: UMANG PATEL
B45: 40
B46: 41 | C46: AYUSH PATIL
B47: 42 | C47: HARSHAL PAWAR
B48: 43 | C48: MAYUR SALUNKHE
B49: 44 | C49: KISHOR GOPALE
B50: 45 | C50: MANI SHANKAR
B51: 46 | C51: VISHAL GAWADE
B52: 47 | C52: SACHIN ROHAKALE
B53: 48 | C53: SHREYA CHAVHAN
B54: 49 | C54: SHEKHAR PAWAR
B55: 50 | C55: PRATHAMESH ROKADE
B56: 51 | C56: RAKESH BISEN
B57: 52 | C57: SAHIL DHAKE
... B90: 85 | C90: ANIKET KANOJIA
B91: 86
B92: 87
B93: 88
B94: 89
B95: 90
B96: 91
B97: 92
B98: 93
B99: 94
B100: 95
B101: 96
B102: 97
... B109: 104
B112: Daily plan | F112: Date :- | G112: =G1+1 -> 46189
B114: S.No. | C114: Emp. name | D114: PROJECT CODES | E114: Actual time to finish
B115: 1 | C115: SUSHIL URKUDE | D115: FA-276 | E115: 8
B116: 2 | C116: SAKET SHAIKH | D116: FA-276 | E116: 8
B117: 3 | C117: AMOL MANDLIK | D117: FA-276 | E117: 8
B118: 4 | C118: BABASO GORE | D118: FA-257 | E118: 8
B119: 5 | C119: KUNDAN KOLI | D119: FA-276 | E119: 8
B120: 6 | C120: PRASAD RAKSHE | D120: FA-276 | E120: 8
B121: 7 | C121: SHUBHAM MANE | D121: FA-257 | E121: 8
B122: 8 | C122: SURAJ DIGHE | D122: FA-257 | E122: 8
B123: 9 | C123: SANKET GHANWAT | D123: FA-276 | E123: 8
B124: 10 | C124: ROHAN KHARAT | D124: FA-257 | E124: 8
B125: 11 | C125: KEVIN VEGAD | D125: FA-276 | E125: 8
B126: 12 | C126: ABHISHEKH TELANG | D126: FA-257 | E126: 8
B127: 13 | C127: DATTA MATE
B128: 14 | C128: NAVNATH MHASKE
B129: 15 | C129: ADITYA ADAT
B130: 16 | C130: SUNIL GAIKWAD
B131: 17 | C131: Karthik V Bakale
B132: 18 | C132: SANKET KHAIRE
B133: 19 | C133: PRATHMESH PATIL
B134: 20 | C134: HARSHAD KASAR
B135: 21 | C135: SOURABH KHATAWKAR
B136: 22 | C136: ANKUR YADAV
B137: 23 | C137: Shivanand V Konnur
B138: 24 | C138: Abdul Nadaf
... B155: 39 | C155: UMANG PATEL
B156: 40
B157: 41 | C157: AYUSH PATIL
B158: 42 | C158: HARSHAL PAWAR
B159: 43 | C159: MAYUR SALUNKHE
B160: 44 | C160: KISHOR GOPALE
B161: 45 | C161: MANI SHANKAR
B162: 46 | C162: VISHAL GAWADE
B163: 47 | C163: SACHIN ROHAKALE
B164: 48 | C164: SHREYA CHAVHAN
B165: 49 | C165: SHEKHAR PAWAR
B166: 50 | C166: PRATHAMESH ROKADE
B167: 51 | C167: RAKESH BISEN
B168: 52 | C168: SAHIL DHAKE
... B201: 85 | C201: ANIKET KANOJIA
B202: 83
B203: 84
B204: 85
B205: 86
B206: 87
...

Sheet 26
B1: Daily plan | F1: Date :- | G1: ='25'!G1+7 -> 46195
B3: S.No. | C3: Employee name | D3: PROJECT CODES | E3: Actual time to finish
B4: 1 | C4: SUSHIL URKUDE | D4: FA-276 | E4: 8
B5: 2 | C5: SAKET SHAIKH | D5: FA-276 | E5: 8
B6: 3 | C6: AMOL MANDLIK | D6: FA-276 | E6: 8
B7: 4 | C7: BABASO GORE | D7: FA-257 | E7: 8
B8: 5 | C8: KUNDAN KOLI | D8: FA-276 | E8: 8
B9: 6 | C9: PRASAD RAKSHE | D9: FA-276 | E9: 8
B10: 7 | C10: SHUBHAM MANE | D10: FA-257 | E10: 8
B11: 8 | C11: SURAJ DIGHE | D11: FA-257 | E11: 8
B12: 9 | C12: SANKET GHANWAT | D12: FA-276 | E12: 8
B13: 10 | C13: ROHAN KHARAT | D13: FA-257 | E13: 8
B14: 11 | C14: KEVIN VEGAD | D14: FA-276 | E14: 8
B15: 12 | C15: ABHISHEKH TELANG | D15: FA-257 | E15: 8
B16: 13 | C16: DATTA MATE
B17: 14 | C17: NAVNATH MHASKE
B18: 15 | C18: ADITYA ADAT
B19: 16 | C19: SUNIL GAIKWAD
B20: 17 | C20: Karthik V Bakale
B21: 18 | C21: SANKET KHAIRE
B22: 19 | C22: PRATHMESH PATIL
B23: 20 | C23: HARSHAD KASAR
B24: 21 | C24: SOURABH KHATAWKAR
B25: 22 | C25: ANKUR YADAV
B26: 23 | C26: Shivanand V Konnur
B27: 24 | C27: Abdul Nadaf
... B44: 39 | C44: UMANG PATEL
B45: 40
B46: 41 | C46: AYUSH PATIL
B47: 42 | C47: HARSHAL PAWAR
B48: 43 | C48: MAYUR SALUNKHE
B49: 44 | C49: KISHOR GOPALE
B50: 45 | C50: MANI SHANKAR
B51: 46 | C51: VISHAL GAWADE
B52: 47 | C52: SACHIN ROHAKALE
B53: 48 | C53: SHREYA CHAVHAN
B54: 49 | C54: SHEKHAR PAWAR
B55: 50 | C55: PRATHAMESH ROKADE
B56: 51 | C56: RAKESH BISEN
B57: 52 | C57: SAHIL DHAKE
... B90: 85 | C90: ANIKET KANOJIA
B91: 86
B92: 87
B93: 88
B94: 89
B95: 90
B96: 91
B97: 92
B98: 93
B99: 94
B100: 95
B101: 96
B102: 97
... B109: 104
B112: Daily plan | F112: Date :- | G112: =G1+1 -> 46196
B114: S.No. | C114: Emp. name | D114: PROJECT CODES | E114: Actual time to finish
B115: 1 | C115: SUSHIL URKUDE | D115: FA-276 | E115: 8
B116: 2 | C116: SAKET SHAIKH | D116: FA-276 | E116: 8
B117: 3 | C117: AMOL MANDLIK | D117: FA-276 | E117: 8
B118: 4 | C118: BABASO GORE | D118: FA-257 | E118: 8
B119: 5 | C119: KUNDAN KOLI | D119: FA-276 | E119: 8
B120: 6 | C120: PRASAD RAKSHE | D120: FA-276 | E120: 8
B121: 7 | C121: SHUBHAM MANE | D121: FA-257 | E121: 8
B122: 8 | C122: SURAJ DIGHE | D122: FA-257 | E122: 8
B123: 9 | C123: SANKET GHANWAT | D123: FA-276 | E123: 8
B124: 10 | C124: ROHAN KHARAT | D124: FA-257 | E124: 8
B125: 11 | C125: KEVIN VEGAD | D125: FA-276 | E125: 8
B126: 12 | C126: ABHISHEKH TELANG | D126: FA-257 | E126: 8
B127: 13 | C127: DATTA MATE
B128: 14 | C128: NAVNATH MHASKE
B129: 15 | C129: ADITYA ADAT
B130: 16 | C130: SUNIL GAIKWAD
B131: 17 | C131: Karthik V Bakale
B132: 18 | C132: SANKET KHAIRE
B133: 19 | C133: PRATHMESH PATIL
B134: 20 | C134: HARSHAD KASAR
B135: 21 | C135: SOURABH KHATAWKAR
B136: 22 | C136: ANKUR YADAV
B137: 23 | C137: Shivanand V Konnur
B138: 24 | C138: Abdul Nadaf
... B155: 39 | C155: UMANG PATEL
B156: 40
B157: 41 | C157: AYUSH PATIL
B158: 42 | C158: HARSHAL PAWAR
B159: 43 | C159: MAYUR SALUNKHE
B160: 44 | C160: KISHOR GOPALE
B161: 45 | C161: MANI SHANKAR
B162: 46 | C162: VISHAL GAWADE
B163: 47 | C163: SACHIN ROHAKALE
B164: 48 | C164: SHREYA CHAVHAN
B165: 49 | C165: SHEKHAR PAWAR
B166: 50 | C166: PRATHAMESH ROKADE
B167: 51 | C167: RAKESH BISEN
B168: 52 | C168: SAHIL DHAKE
... B201: 85 | C201: ANIKET KANOJIA
B202: 83
B203: 84
B204: 85
B205: 86
B206: 87
...

Sheet 27
B1: Daily plan | F1: Date :- | G1: ='26'!G1+7 -> 46202
B3: S.No. | C3: Employee name | D3: PROJECT CODES | E3: Actual time to finish
B4: 1 | C4: SUSHIL URKUDE | D4: FA-276 | E4: 8
B5: 2 | C5: SAKET SHAIKH | D5: FA-276 | E5: 8
B6: 3 | C6: AMOL MANDLIK | D6: FA-276 | E6: 8
B7: 4 | C7: BABASO GORE | D7: FA-257 | E7: 8
B8: 5 | C8: KUNDAN KOLI | D8: FA-276 | E8: 8
B9: 6 | C9: PRASAD RAKSHE | D9: FA-276 | E9: 8
B10: 7 | C10: SHUBHAM MANE | D10: FA-257 | E10: 8
B11: 8 | C11: SURAJ DIGHE | D11: FA-257 | E11: 8
B12: 9 | C12: SANKET GHANWAT | D12: FA-276 | E12: 8
B13: 10 | C13: ROHAN KHARAT | D13: FA-257 | E13: 8
B14: 11 | C14: KEVIN VEGAD | D14: FA-276 | E14: 8
B15: 12 | C15: ABHISHEKH TELANG | D15: FA-257 | E15: 8
B16: 13 | C16: DATTA MATE
B17: 14 | C17: NAVNATH MHASKE
B18: 15 | C18: ADITYA ADAT
B19: 16 | C19: SUNIL GAIKWAD
B20: 17 | C20: Karthik V Bakale
B21: 18 | C21: SANKET KHAIRE
B22: 19 | C22: PRATHMESH PATIL
B23: 20 | C23: HARSHAD KASAR
B24: 21 | C24: SOURABH KHATAWKAR
B25: 22 | C25: ANKUR YADAV
B26: 23 | C26: Shivanand V Konnur
B27: 24 | C27: Abdul Nadaf
... B44: 39 | C44: UMANG PATEL
B45: 40
B46: 41 | C46: AYUSH PATIL
B47: 42 | C47: HARSHAL PAWAR
B48: 43 | C48: MAYUR SALUNKHE
B49: 44 | C49: KISHOR GOPALE
B50: 45 | C50: MANI SHANKAR
B51: 46 | C51: VISHAL GAWADE
B52: 47 | C52: SACHIN ROHAKALE
B53: 48 | C53: SHREYA CHAVHAN
B54: 49 | C54: SHEKHAR PAWAR
B55: 50 | C55: PRATHAMESH ROKADE
B56: 51 | C56: RAKESH BISEN
B57: 52 | C57: SAHIL DHAKE
... B90: 85 | C90: ANIKET KANOJIA
B91: 86
B92: 87
B93: 88
B94: 89
B95: 90
B96: 91
B97: 92
B98: 93
B99: 94
B100: 95
B101: 96
B102: 97
... B109: 104
B112: Daily plan | F112: Date :- | G112: =G1+1 -> 46203
B114: S.No. | C114: Emp. name | D114: PROJECT CODES | E114: Actual time to finish
B115: 1 | C115: SUSHIL URKUDE | D115: FA-276 | E115: 8
B116: 2 | C116: SAKET SHAIKH | D116: FA-276 | E116: 8
B117: 3 | C117: AMOL MANDLIK | D117: FA-276 | E117: 8
B118: 4 | C118: BABASO GORE | D118: FA-257 | E118: 8
B119: 5 | C119: KUNDAN KOLI | D119: FA-276 | E119: 8
B120: 6 | C120: PRASAD RAKSHE | D120: FA-276 | E120: 8
B121: 7 | C121: SHUBHAM MANE | D121: FA-257 | E121: 8
B122: 8 | C122: SURAJ DIGHE | D122: FA-257 | E122: 8
B123: 9 | C123: SANKET GHANWAT | D123: FA-276 | E123: 8
B124: 10 | C124: ROHAN KHARAT | D124: FA-257 | E124: 8
B125: 11 | C125: KEVIN VEGAD | D125: FA-276 | E125: 8
B126: 12 | C126: ABHISHEKH TELANG | D126: FA-257 | E126: 8
B127: 13 | C127: DATTA MATE
B128: 14 | C128: NAVNATH MHASKE
B129: 15 | C129: ADITYA ADAT
B130: 16 | C130: SUNIL GAIKWAD
B131: 17 | C131: Karthik V Bakale
B132: 18 | C132: SANKET KHAIRE
B133: 19 | C133: PRATHMESH PATIL
B134: 20 | C134: HARSHAD KASAR
B135: 21 | C135: SOURABH KHATAWKAR
B136: 22 | C136: ANKUR YADAV
B137: 23 | C137: Shivanand V Konnur
B138: 24 | C138: Abdul Nadaf
... B155: 39 | C155: UMANG PATEL
B156: 40
B157: 41 | C157: AYUSH PATIL
B158: 42 | C158: HARSHAL PAWAR
B159: 43 | C159: MAYUR SALUNKHE
B160: 44 | C160: KISHOR GOPALE
B161: 45 | C161: MANI SHANKAR
B162: 46 | C162: VISHAL GAWADE
B163: 47 | C163: SACHIN ROHAKALE
B164: 48 | C164: SHREYA CHAVHAN
B165: 49 | C165: SHEKHAR PAWAR
B166: 50 | C166: PRATHAMESH ROKADE
B167: 51 | C167: RAKESH BISEN
B168: 52 | C168: SAHIL DHAKE
... B201: 85 | C201: ANIKET KANOJIA
B202: 83
B203: 84
B204: 85
B205: 86
B206: 87
...

Sheet 28
B1: Daily plan | F1: Date :- | G1: =#REF!+7 -> #REF!
B3: S.No. | C3: Employee name | D3: PROJECT CODES | E3: Actual time to finish
B4: 1 | C4: SUSHIL URKUDE
B5: 2 | C5: SAKET SHAIKH
B6: 3 | C6: AMOL MANDLIK
B7: 4 | C7: BABASO GORE
B8: 5 | C8: KUNDAN KOLI
B9: 6 | C9: PRASAD RAKSHE
B10: 7 | C10: SHUBHAM MANE
B11: 8 | C11: SURAJ DIGHE
B12: 9 | C12: SANKET GHANWAT
B13: 10 | C13: ROHAN KHARAT
B14: 11 | C14: KEVIN VEGAD
B15: 12 | C15: ABHISHEKH TELANG
... B72: 69 | C72: DNYANESHWAR KARATE
B73: 70
B74: 71 | C74: PARAG CHAUDHARI
B75: 72 | C75: SAMBHAJI KADU
B76: 73 | C76: AJINATH JAGTAP
B77: 74 | C77: ADITYA DONGARE
B78: 75 | C78: UMESH KADAM
B79: 76 | C79: VIKARAM JADHAV
B80: 77 | C80: ARYA KHEDEKAR
B81: 78 | C81: LOKESH RADE
B82: 79 | C82: MAYURESH SAID
B83: 80 | C83: PRAFULLA KOLHE
B84: 81 | C84: VINAY BOBADE
B85: 82 | C85: ASADULLAH SAYAD
... B88: 85 | C88: ANIKET KANOJIA
B89: 86
B90: 87
B91: 88
B92: 89
B93: 90
B94: 91
B95: 92
B96: 93
B97: 94
B98: 95
B99: 96
B100: 97
... B107: 104
B110: Daily plan | F110: Date :- | G110: =G1+1 -> #REF!
B112: S.No. | C112: Emp. name | D112: PROJECT CODES | E112: Actual time to finish
B113: 1 | C113: SUSHIL URKUDE
B114: 2 | C114: SAKET SHAIKH
B115: 3 | C115: AMOL MANDLIK
B116: 4 | C116: BABASO GORE
B117: 5 | C117: KUNDAN KOLI
B118: 6 | C118: PRASAD RAKSHE
B119: 7 | C119: SHUBHAM MANE
B120: 8 | C120: SURAJ DIGHE
B121: 9 | C121: SANKET GHANWAT
B122: 10 | C122: ROHAN KHARAT
B123: 11 | C123: KEVIN VEGAD
B124: 12 | C124: ABHISHEKH TELANG
... B134: 20 | C134: ANKUR YADAV
C135: Shivanand V Konnur
C136: Abdul Nadaf
B137: 21 | C137: SURAJ GAIKWAD
B138: 22 | C138: AJAY NAVTHAR
B139: 23 | C139: RAVINDRA MATE
B140: 24 | C140: KETAN MATE
B141: 25 | C141: ANURAG MANE
B142: 26 | C142: JOTIBA PATIL
B143: 27 | C143: VAIBHAV GUND
B144: 28 | C144: ABHISHEK BOKMURKAR
B145: 29 | C145: SURAJ MAHADIK
B146: 30 | C146: RUPESH SURYWANSHI
B147: 31 | C147: VIKAS SURUSHE
B148: 32 | C148: ABHISHEK MHASKE
... B181: 65 | C181: DNYANESHWAR KARATE
B182: 66
B183: 67 | C183: PARAG CHAUDHARI
B184: 68 | C184: SAMBHAJI KADU
B185: 69 | C185: AJINATH JAGTAP
B186: 70 | C186: ADITYA DONGARE
B187: 71 | C187: UMESH KADAM
B188: 72 | C188: VIKARAM JADHAV
B189: 73 | C189: ARYA KHEDEKAR
B190: 74 | C190: LOKESH RADE
B191: 75 | C191: MAYURESH SAID
B192: 76 | C192: PRAFULLA KOLHE
B193: 77 | C193: VINAY BOBADE
B194: 78 | C194: ASADULLAH SAYAD
... B197: 81 | C197: ANIKET KANOJIA
B198: 82
B199: 83
B200: 84
B201: 85
B202: 86
B203: 87
B204: 88
B205: 89
B206: 90
B207: 91
B208: 92
B209: 93
... B216: 100
B219: Daily plan | F219: Date :- | G219: =G110+1 -> #REF!
...

Sheet 29
B1: Daily plan | F1: Date :- | G1: ='28'!G1+7 -> #REF!
B3: S.No. | C3: Employee name | D3: PROJECT CODES | E3: Actual time to finish
B4: 1 | C4: SUSHIL URKUDE
B5: 2 | C5: SAKET SHAIKH
B6: 3 | C6: AMOL MANDLIK
B7: 4 | C7: BABASO GORE
B8: 5 | C8: KUNDAN KOLI
B9: 6 | C9: PRASAD RAKSHE
B10: 7 | C10: SHUBHAM MANE
B11: 8 | C11: SURAJ DIGHE
B12: 9 | C12: SANKET GHANWAT
B13: 10 | C13: ROHAN KHARAT
B14: 11 | C14: KEVIN VEGAD
B15: 12 | C15: ABHISHEKH TELANG
... B72: 69 | C72: DNYANESHWAR KARATE
B73: 70
B74: 71 | C74: PARAG CHAUDHARI
B75: 72 | C75: SAMBHAJI KADU
B76: 73 | C76: AJINATH JAGTAP
B77: 74 | C77: ADITYA DONGARE
B78: 75 | C78: UMESH KADAM
B79: 76 | C79: VIKARAM JADHAV
B80: 77 | C80: ARYA KHEDEKAR
B81: 78 | C81: LOKESH RADE
B82: 79 | C82: MAYURESH SAID
B83: 80 | C83: PRAFULLA KOLHE
B84: 81 | C84: VINAY BOBADE
B85: 82 | C85: ASADULLAH SAYAD
... B88: 85 | C88: ANIKET KANOJIA
B89: 86
B90: 87
B91: 88
B92: 89
B93: 90
B94: 91
B95: 92
B96: 93
B97: 94
B98: 95
B99: 96
B100: 97
... B107: 104
B110: Daily plan | F110: Date :- | G110: =G1+1 -> #REF!
B112: S.No. | C112: Emp. name | D112: PROJECT CODES | E112: Actual time to finish
B113: 1 | C113: SUSHIL URKUDE
B114: 2 | C114: SAKET SHAIKH
B115: 3 | C115: AMOL MANDLIK
B116: 4 | C116: BABASO GORE
B117: 5 | C117: KUNDAN KOLI
B118: 6 | C118: PRASAD RAKSHE
B119: 7 | C119: SHUBHAM MANE
B120: 8 | C120: SURAJ DIGHE
B121: 9 | C121: SANKET GHANWAT
B122: 10 | C122: ROHAN KHARAT
B123: 11 | C123: KEVIN VEGAD
B124: 12 | C124: ABHISHEKH TELANG
... B134: 20 | C134: ANKUR YADAV
C135: Shivanand V Konnur
C136: Abdul Nadaf
B137: 21 | C137: SURAJ GAIKWAD
B138: 22 | C138: AJAY NAVTHAR
B139: 23 | C139: RAVINDRA MATE
B140: 24 | C140: KETAN MATE
B141: 25 | C141: ANURAG MANE
B142: 26 | C142: JOTIBA PATIL
B143: 27 | C143: VAIBHAV GUND
B144: 28 | C144: ABHISHEK BOKMURKAR
B145: 29 | C145: SURAJ MAHADIK
B146: 30 | C146: RUPESH SURYWANSHI
B147: 31 | C147: VIKAS SURUSHE
B148: 32 | C148: ABHISHEK MHASKE
... B181: 65 | C181: DNYANESHWAR KARATE
B182: 66
B183: 67 | C183: PARAG CHAUDHARI
B184: 68 | C184: SAMBHAJI KADU
B185: 69 | C185: AJINATH JAGTAP
B186: 70 | C186: ADITYA DONGARE
B187: 71 | C187: UMESH KADAM
B188: 72 | C188: VIKARAM JADHAV
B189: 73 | C189: ARYA KHEDEKAR
B190: 74 | C190: LOKESH RADE
B191: 75 | C191: MAYURESH SAID
B192: 76 | C192: PRAFULLA KOLHE
B193: 77 | C193: VINAY BOBADE
B194: 78 | C194: ASADULLAH SAYAD
... B197: 81 | C197: ANIKET KANOJIA
B198: 82
B199: 83
B200: 84
B201: 85
B202: 86
B203: 87
B204: 88
B205: 89
B206: 90
B207: 91
B208: 92
B209: 93
... B216: 100
B219: Daily plan | F219: Date :- | G219: =G110+1 -> #REF!
...

Sheet 30
B1: Daily plan | F1: Date :- | G1: ='29'!G1+7 -> #REF!
B3: S.No. | C3: Employee name | D3: PROJECT CODES | E3: Actual time to finish
B4: 1 | C4: SUSHIL URKUDE
B5: 2 | C5: SAKET SHAIKH
B6: 3 | C6: AMOL MANDLIK
B7: 4 | C7: BABASO GORE
B8: 5 | C8: KUNDAN KOLI
B9: 6 | C9: PRASAD RAKSHE
B10: 7 | C10: SHUBHAM MANE
B11: 8 | C11: SURAJ DIGHE
B12: 9 | C12: SANKET GHANWAT
B13: 10 | C13: ROHAN KHARAT
B14: 11 | C14: KEVIN VEGAD
B15: 12 | C15: ABHISHEKH TELANG
... B72: 69 | C72: DNYANESHWAR KARATE
B73: 70
B74: 71 | C74: PARAG CHAUDHARI
B75: 72 | C75: SAMBHAJI KADU
B76: 73 | C76: AJINATH JAGTAP
B77: 74 | C77: ADITYA DONGARE
B78: 75 | C78: UMESH KADAM
B79: 76 | C79: VIKARAM JADHAV
B80: 77 | C80: ARYA KHEDEKAR
B81: 78 | C81: LOKESH RADE
B82: 79 | C82: MAYURESH SAID
B83: 80 | C83: PRAFULLA KOLHE
B84: 81 | C84: VINAY BOBADE
B85: 82 | C85: ASADULLAH SAYAD
... B88: 85 | C88: ANIKET KANOJIA
B89: 86
B90: 87
B91: 88
B92: 89
B93: 90
B94: 91
B95: 92
B96: 93
B97: 94
B98: 95
B99: 96
B100: 97
... B107: 104
B110: Daily plan | F110: Date :- | G110: =G1+1 -> #REF!
B112: S.No. | C112: Emp. name | D112: PROJECT CODES | E112: Actual time to finish
B113: 1 | C113: SUSHIL URKUDE
B114: 2 | C114: SAKET SHAIKH
B115: 3 | C115: AMOL MANDLIK
B116: 4 | C116: BABASO GORE
B117: 5 | C117: KUNDAN KOLI
B118: 6 | C118: PRASAD RAKSHE
B119: 7 | C119: SHUBHAM MANE
B120: 8 | C120: SURAJ DIGHE
B121: 9 | C121: SANKET GHANWAT
B122: 10 | C122: ROHAN KHARAT
B123: 11 | C123: KEVIN VEGAD
B124: 12 | C124: ABHISHEKH TELANG
... B134: 20 | C134: ANKUR YADAV
C135: Shivanand V Konnur
C136: Abdul Nadaf
B137: 21 | C137: SURAJ GAIKWAD
B138: 22 | C138: AJAY NAVTHAR
B139: 23 | C139: RAVINDRA MATE
B140: 24 | C140: KETAN MATE
B141: 25 | C141: ANURAG MANE
B142: 26 | C142: JOTIBA PATIL
B143: 27 | C143: VAIBHAV GUND
B144: 28 | C144: ABHISHEK BOKMURKAR
B145: 29 | C145: SURAJ MAHADIK
B146: 30 | C146: RUPESH SURYWANSHI
B147: 31 | C147: VIKAS SURUSHE
B148: 32 | C148: ABHISHEK MHASKE
... B181: 65 | C181: DNYANESHWAR KARATE
B182: 66
B183: 67 | C183: PARAG CHAUDHARI
B184: 68 | C184: SAMBHAJI KADU
B185: 69 | C185: AJINATH JAGTAP
B186: 70 | C186: ADITYA DONGARE
B187: 71 | C187: UMESH KADAM
B188: 72 | C188: VIKARAM JADHAV
B189: 73 | C189: ARYA KHEDEKAR
B190: 74 | C190: LOKESH RADE
B191: 75 | C191: MAYURESH SAID
B192: 76 | C192: PRAFULLA KOLHE
B193: 77 | C193: VINAY BOBADE
B194: 78 | C194: ASADULLAH SAYAD
... B197: 81 | C197: ANIKET KANOJIA
B198: 82
B199: 83
B200: 84
B201: 85
B202: 86
B203: 87
B204: 88
B205: 89
B206: 90
B207: 91
B208: 92
B209: 93
... B216: 100
B219: Daily plan | F219: Date :- | G219: =G110+1 -> #REF!
...

Sheet 31
B1: Daily plan | F1: Date :- | G1: ='30'!G1+7 -> #REF!
B3: S.No. | C3: Employee name | D3: PROJECT CODES | E3: Actual time to finish
B4: 1 | C4: SUSHIL URKUDE
B5: 2 | C5: SAKET SHAIKH
B6: 3 | C6: AMOL MANDLIK
B7: 4 | C7: BABASO GORE
B8: 5 | C8: KUNDAN KOLI
B9: 6 | C9: PRASAD RAKSHE
B10: 7 | C10: SHUBHAM MANE
B11: 8 | C11: SURAJ DIGHE
B12: 9 | C12: SANKET GHANWAT
B13: 10 | C13: ROHAN KHARAT
B14: 11 | C14: KEVIN VEGAD
B15: 12 | C15: ABHISHEKH TELANG
... B72: 69 | C72: DNYANESHWAR KARATE
B73: 70
B74: 71 | C74: PARAG CHAUDHARI
B75: 72 | C75: SAMBHAJI KADU
B76: 73 | C76: AJINATH JAGTAP
B77: 74 | C77: ADITYA DONGARE
B78: 75 | C78: UMESH KADAM
B79: 76 | C79: VIKARAM JADHAV
B80: 77 | C80: ARYA KHEDEKAR
B81: 78 | C81: LOKESH RADE
B82: 79 | C82: MAYURESH SAID
B83: 80 | C83: PRAFULLA KOLHE
B84: 81 | C84: VINAY BOBADE
B85: 82 | C85: ASADULLAH SAYAD
... B88: 85 | C88: ANIKET KANOJIA
B89: 86
B90: 87
B91: 88
B92: 89
B93: 90
B94: 91
B95: 92
B96: 93
B97: 94
B98: 95
B99: 96
B100: 97
... B107: 104
B110: Daily plan | F110: Date :- | G110: =G1+1 -> #REF!
B112: S.No. | C112: Emp. name | D112: PROJECT CODES | E112: Actual time to finish
B113: 1 | C113: SUSHIL URKUDE
B114: 2 | C114: SAKET SHAIKH
B115: 3 | C115: AMOL MANDLIK
B116: 4 | C116: BABASO GORE
B117: 5 | C117: KUNDAN KOLI
B118: 6 | C118: PRASAD RAKSHE
B119: 7 | C119: SHUBHAM MANE
B120: 8 | C120: SURAJ DIGHE
B121: 9 | C121: SANKET GHANWAT
B122: 10 | C122: ROHAN KHARAT
B123: 11 | C123: KEVIN VEGAD
B124: 12 | C124: ABHISHEKH TELANG
... B134: 20 | C134: ANKUR YADAV
C135: Shivanand V Konnur
C136: Abdul Nadaf
B137: 21 | C137: SURAJ GAIKWAD
B138: 22 | C138: AJAY NAVTHAR
B139: 23 | C139: RAVINDRA MATE
B140: 24 | C140: KETAN MATE
B141: 25 | C141: ANURAG MANE
B142: 26 | C142: JOTIBA PATIL
B143: 27 | C143: VAIBHAV GUND
B144: 28 | C144: ABHISHEK BOKMURKAR
B145: 29 | C145: SURAJ MAHADIK
B146: 30 | C146: RUPESH SURYWANSHI
B147: 31 | C147: VIKAS SURUSHE
B148: 32 | C148: ABHISHEK MHASKE
... B181: 65 | C181: DNYANESHWAR KARATE
B182: 66
B183: 67 | C183: PARAG CHAUDHARI
B184: 68 | C184: SAMBHAJI KADU
B185: 69 | C185: AJINATH JAGTAP
B186: 70 | C186: ADITYA DONGARE
B187: 71 | C187: UMESH KADAM
B188: 72 | C188: VIKARAM JADHAV
B189: 73 | C189: ARYA KHEDEKAR
B190: 74 | C190: LOKESH RADE
B191: 75 | C191: MAYURESH SAID
B192: 76 | C192: PRAFULLA KOLHE
B193: 77 | C193: VINAY BOBADE
B194: 78 | C194: ASADULLAH SAYAD
... B197: 81 | C197: ANIKET KANOJIA
B198: 82
B199: 83
B200: 84
B201: 85
B202: 86
B203: 87
B204: 88
B205: 89
B206: 90
B207: 91
B208: 92
B209: 93
... B216: 100
B219: Daily plan | F219: Date :- | G219: =G110+1 -> #REF!
...

Sheet 32
B1: Daily plan | F1: Date :- | G1: ='31'!G1+7 -> #REF!
B3: S.No. | C3: Employee name | D3: PROJECT CODES | E3: Actual time to finish
B4: 1 | C4: SUSHIL URKUDE
B5: 2 | C5: SAKET SHAIKH
B6: 3 | C6: AMOL MANDLIK
B7: 4 | C7: BABASO GORE
B8: 5 | C8: KUNDAN KOLI
B9: 6 | C9: PRASAD RAKSHE
B10: 7 | C10: SHUBHAM MANE
B11: 8 | C11: SURAJ DIGHE
B12: 9 | C12: SANKET GHANWAT
B13: 10 | C13: ROHAN KHARAT
B14: 11 | C14: KEVIN VEGAD
B15: 12 | C15: ABHISHEKH TELANG
... B72: 69 | C72: DNYANESHWAR KARATE
B73: 70
B74: 71 | C74: PARAG CHAUDHARI
B75: 72 | C75: SAMBHAJI KADU
B76: 73 | C76: AJINATH JAGTAP
B77: 74 | C77: ADITYA DONGARE
B78: 75 | C78: UMESH KADAM
B79: 76 | C79: VIKARAM JADHAV
B80: 77 | C80: ARYA KHEDEKAR
B81: 78 | C81: LOKESH RADE
B82: 79 | C82: MAYURESH SAID
B83: 80 | C83: PRAFULLA KOLHE
B84: 81 | C84: VINAY BOBADE
B85: 82 | C85: ASADULLAH SAYAD
... B88: 85 | C88: ANIKET KANOJIA
B89: 86
B90: 87
B91: 88
B92: 89
B93: 90
B94: 91
B95: 92
B96: 93
B97: 94
B98: 95
B99: 96
B100: 97
... B107: 104
B110: Daily plan | F110: Date :- | G110: =G1+1 -> #REF!
B112: S.No. | C112: Emp. name | D112: PROJECT CODES | E112: Actual time to finish
B113: 1 | C113: SUSHIL URKUDE
B114: 2 | C114: SAKET SHAIKH
B115: 3 | C115: AMOL MANDLIK
B116: 4 | C116: BABASO GORE
B117: 5 | C117: KUNDAN KOLI
B118: 6 | C118: PRASAD RAKSHE
B119: 7 | C119: SHUBHAM MANE
B120: 8 | C120: SURAJ DIGHE
B121: 9 | C121: SANKET GHANWAT
B122: 10 | C122: ROHAN KHARAT
B123: 11 | C123: KEVIN VEGAD
B124: 12 | C124: ABHISHEKH TELANG
... B134: 20 | C134: ANKUR YADAV
C135: Shivanand V Konnur
C136: Abdul Nadaf
B137: 21 | C137: SURAJ GAIKWAD
B138: 22 | C138: AJAY NAVTHAR
B139: 23 | C139: RAVINDRA MATE
B140: 24 | C140: KETAN MATE
B141: 25 | C141: ANURAG MANE
B142: 26 | C142: JOTIBA PATIL
B143: 27 | C143: VAIBHAV GUND
B144: 28 | C144: ABHISHEK BOKMURKAR
B145: 29 | C145: SURAJ MAHADIK
B146: 30 | C146: RUPESH SURYWANSHI
B147: 31 | C147: VIKAS SURUSHE
B148: 32 | C148: ABHISHEK MHASKE
... B181: 65 | C181: DNYANESHWAR KARATE
B182: 66
B183: 67 | C183: PARAG CHAUDHARI
B184: 68 | C184: SAMBHAJI KADU
B185: 69 | C185: AJINATH JAGTAP
B186: 70 | C186: ADITYA DONGARE
B187: 71 | C187: UMESH KADAM
B188: 72 | C188: VIKARAM JADHAV
B189: 73 | C189: ARYA KHEDEKAR
B190: 74 | C190: LOKESH RADE
B191: 75 | C191: MAYURESH SAID
B192: 76 | C192: PRAFULLA KOLHE
B193: 77 | C193: VINAY BOBADE
B194: 78 | C194: ASADULLAH SAYAD
... B197: 81 | C197: ANIKET KANOJIA
B198: 82
B199: 83
B200: 84
B201: 85
B202: 86
B203: 87
B204: 88
B205: 89
B206: 90
B207: 91
B208: 92
B209: 93
... B216: 100
B219: Daily plan | F219: Date :- | G219: =G110+1 -> #REF!
...

Sheet 33
B1: Daily plan | F1: Date :- | G1: ='32'!G1+7 -> #REF!
B3: S.No. | C3: Employee name | D3: PROJECT CODES | E3: Actual time to finish
B4: 1 | C4: SUSHIL URKUDE
B5: 2 | C5: SAKET SHAIKH
B6: 3 | C6: AMOL MANDLIK
B7: 4 | C7: BABASO GORE
B8: 5 | C8: KUNDAN KOLI
B9: 6 | C9: PRASAD RAKSHE
B10: 7 | C10: SHUBHAM MANE
B11: 8 | C11: SURAJ DIGHE
B12: 9 | C12: ROHAN KHARAT
B13: 10 | C13: SANKET GHANWAT
B14: 11 | C14: DATTA MATE
B15: 12 | C15: NAVNATH MHASKE
... B36: 33 | C36: SHUBHAM POREDI
B37: 34
B38: 35 | C38: UMANG PATEL
B39: 36 | C39: AKSHAY GAVADE
B40: 37 | C40: AYUSH PATIL
B41: 38 | C41: HARSHAL PAWAR
B42: 39 | C42: MAYUR SALUNKHE
B43: 40 | C43: KISHOR GOPALE
B44: 41 | C44: MANI SHANKAR
B45: 42 | C45: VISHAL GAWADE
B46: 43 | C46: SACHIN ROHAKALE
B47: 44 | C47: SHREYA CHAVHAN
B48: 45 | C48: SHEKHAR PAWAR
B49: 46 | C49: PRATHAMESH ROKADE
... B68: 65 | C68: DNYANESHWAR KARATE
B69: 66
B70: 67 | C70: PARAG CHAUDHARI
B71: 68 | C71: SAMBHAJI KADU
B72: 69 | C72: AJINATH JAGTAP
B73: 70 | C73: ADITYA DONGARE
B74: 71 | C74: UMESH KADAM
B75: 72 | C75: VIKARAM JADHAV
B76: 73 | C76: ARYA KHEDEKAR
B77: 74 | C77: LOKESH RADE
B78: 75 | C78: MAYURESH SAID
B79: 76 | C79: PRAFULLA KOLHE
B80: 77 | C80: VINAY BOBADE
B81: 78 | C81: ASADULLAH SAYAD
... B84: 81 | C84: ANIKET KANOJIA
B85: 82
B86: 83
B87: 84
B88: 85
B89: 86
B90: 87
B91: 88
B92: 89
B93: 90
B94: 91
B95: 92
B96: 93
... B103: 100
B106: Daily plan | F106: Date :- | G106: =G1+1 -> #REF!
B108: S.No. | C108: Emp. name | D108: PROJECT CODES | E108: Actual time to finish
B109: 1 | C109: SUSHIL URKUDE
B110: 2 | C110: SAKET SHAIKH
B111: 3 | C111: AMOL MANDLIK
B112: 4 | C112: BABASO GORE
B113: 5 | C113: KUNDAN KOLI
B114: 6 | C114: PRASAD RAKSHE
B115: 7 | C115: SHUBHAM MANE
B116: 8 | C116: SURAJ DIGHE
B117: 9 | C117: ROHAN KHARAT
B118: 10 | C118: SANKET GHANWAT
B119: 11 | C119: DATTA MATE
B120: 12 | C120: NAVNATH MHASKE
... B141: 33 | C141: SHUBHAM POREDI
B142: 34
B143: 35 | C143: UMANG PATEL
B144: 36 | C144: AKSHAY GAVADE
B145: 37 | C145: AYUSH PATIL
B146: 38 | C146: HARSHAL PAWAR
B147: 39 | C147: MAYUR SALUNKHE
B148: 40 | C148: KISHOR GOPALE
B149: 41 | C149: MANI SHANKAR
B150: 42 | C150: VISHAL GAWADE
B151: 43 | C151: SACHIN ROHAKALE
B152: 44 | C152: SHREYA CHAVHAN
B153: 45 | C153: SHEKHAR PAWAR
B154: 46 | C154: PRATHAMESH ROKADE
... B173: 65 | C173: DNYANESHWAR KARATE
B174: 66
B175: 67 | C175: PARAG CHAUDHARI
B176: 68 | C176: SAMBHAJI KADU
B177: 69 | C177: AJINATH JAGTAP
B178: 70 | C178: ADITYA DONGARE
B179: 71 | C179: UMESH KADAM
B180: 72 | C180: VIKARAM JADHAV
B181: 73 | C181: ARYA KHEDEKAR
B182: 74 | C182: LOKESH RADE
B183: 75 | C183: MAYURESH SAID
B184: 76 | C184: PRAFULLA KOLHE
B185: 77 | C185: VINAY BOBADE
B186: 78 | C186: ASADULLAH SAYAD
... B189: 81 | C189: ANIKET KANOJIA
B190: 82
...

Sheet 34
B1: Daily plan | F1: Date :- | G1: ='33'!G1+7 -> #REF!
B3: S.No. | C3: Employee name | D3: PROJECT CODES | E3: Actual time to finish
B4: 1 | C4: SUSHIL URKUDE
B5: 2 | C5: SAKET SHAIKH
B6: 3 | C6: AMOL MANDLIK
B7: 4 | C7: BABASO GORE
B8: 5 | C8: KUNDAN KOLI
B9: 6 | C9: PRASAD RAKSHE
B10: 7 | C10: SHUBHAM MANE
B11: 8 | C11: SURAJ DIGHE
B12: 9 | C12: ROHAN KHARAT
B13: 10 | C13: SANKET GHANWAT
B14: 11 | C14: DATTA MATE
B15: 12 | C15: NAVNATH MHASKE
... B36: 33 | C36: SHUBHAM POREDI
B37: 34
B38: 35 | C38: UMANG PATEL
B39: 36 | C39: AKSHAY GAVADE
B40: 37 | C40: AYUSH PATIL
B41: 38 | C41: HARSHAL PAWAR
B42: 39 | C42: MAYUR SALUNKHE
B43: 40 | C43: KISHOR GOPALE
B44: 41 | C44: MANI SHANKAR
B45: 42 | C45: VISHAL GAWADE
B46: 43 | C46: SACHIN ROHAKALE
B47: 44 | C47: SHREYA CHAVHAN
B48: 45 | C48: SHEKHAR PAWAR
B49: 46 | C49: PRATHAMESH ROKADE
... B68: 65 | C68: DNYANESHWAR KARATE
B69: 66
B70: 67 | C70: PARAG CHAUDHARI
B71: 68 | C71: SAMBHAJI KADU
B72: 69 | C72: AJINATH JAGTAP
B73: 70 | C73: ADITYA DONGARE
B74: 71 | C74: UMESH KADAM
B75: 72 | C75: VIKARAM JADHAV
B76: 73 | C76: ARYA KHEDEKAR
B77: 74 | C77: LOKESH RADE
B78: 75 | C78: MAYURESH SAID
B79: 76 | C79: PRAFULLA KOLHE
B80: 77 | C80: VINAY BOBADE
B81: 78 | C81: ASADULLAH SAYAD
... B84: 81 | C84: ANIKET KANOJIA
B85: 82
B86: 83
B87: 84
B88: 85
B89: 86
B90: 87
B91: 88
B92: 89
B93: 90
B94: 91
B95: 92
B96: 93
... B103: 100
B106: Daily plan | F106: Date :- | G106: =G1+1 -> #REF!
B108: S.No. | C108: Emp. name | D108: PROJECT CODES | E108: Actual time to finish
B109: 1 | C109: SUSHIL URKUDE
B110: 2 | C110: SAKET SHAIKH
B111: 3 | C111: AMOL MANDLIK
B112: 4 | C112: BABASO GORE
B113: 5 | C113: KUNDAN KOLI
B114: 6 | C114: PRASAD RAKSHE
B115: 7 | C115: SHUBHAM MANE
B116: 8 | C116: SURAJ DIGHE
B117: 9 | C117: ROHAN KHARAT
B118: 10 | C118: SANKET GHANWAT
B119: 11 | C119: DATTA MATE
B120: 12 | C120: NAVNATH MHASKE
... B141: 33 | C141: SHUBHAM POREDI
B142: 34
B143: 35 | C143: UMANG PATEL
B144: 36 | C144: AKSHAY GAVADE
B145: 37 | C145: AYUSH PATIL
B146: 38 | C146: HARSHAL PAWAR
B147: 39 | C147: MAYUR SALUNKHE
B148: 40 | C148: KISHOR GOPALE
B149: 41 | C149: MANI SHANKAR
B150: 42 | C150: VISHAL GAWADE
B151: 43 | C151: SACHIN ROHAKALE
B152: 44 | C152: SHREYA CHAVHAN
B153: 45 | C153: SHEKHAR PAWAR
B154: 46 | C154: PRATHAMESH ROKADE
... B173: 65 | C173: DNYANESHWAR KARATE
B174: 66
B175: 67 | C175: PARAG CHAUDHARI
B176: 68 | C176: SAMBHAJI KADU
B177: 69 | C177: AJINATH JAGTAP
B178: 70 | C178: ADITYA DONGARE
B179: 71 | C179: UMESH KADAM
B180: 72 | C180: VIKARAM JADHAV
B181: 73 | C181: ARYA KHEDEKAR
B182: 74 | C182: LOKESH RADE
B183: 75 | C183: MAYURESH SAID
B184: 76 | C184: PRAFULLA KOLHE
B185: 77 | C185: VINAY BOBADE
B186: 78 | C186: ASADULLAH SAYAD
... B189: 81 | C189: ANIKET KANOJIA
B190: 82
...

Sheet 35
B1: Daily plan | F1: Date :- | G1: ='34'!G1+7 -> #REF!
B3: S.No. | C3: Employee name | D3: PROJECT CODES | E3: Actual time to finish
B4: 1 | C4: SUSHIL URKUDE
B5: 2 | C5: SAKET SHAIKH
B6: 3 | C6: AMOL MANDLIK
B7: 4 | C7: BABASO GORE
B8: 5 | C8: KUNDAN KOLI
B9: 6 | C9: PRASAD RAKSHE
B10: 7 | C10: SHUBHAM MANE
B11: 8 | C11: SURAJ DIGHE
B12: 9 | C12: ROHAN KHARAT
B13: 10 | C13: SANKET GHANWAT
B14: 11 | C14: DATTA MATE
B15: 12 | C15: NAVNATH MHASKE
... B36: 33 | C36: SHUBHAM POREDI
B37: 34
B38: 35 | C38: UMANG PATEL
B39: 36 | C39: AKSHAY GAVADE
B40: 37 | C40: AYUSH PATIL
B41: 38 | C41: HARSHAL PAWAR
B42: 39 | C42: MAYUR SALUNKHE
B43: 40 | C43: KISHOR GOPALE
B44: 41 | C44: MANI SHANKAR
B45: 42 | C45: VISHAL GAWADE
B46: 43 | C46: SACHIN ROHAKALE
B47: 44 | C47: SHREYA CHAVHAN
B48: 45 | C48: SHEKHAR PAWAR
B49: 46 | C49: PRATHAMESH ROKADE
... B68: 65 | C68: DNYANESHWAR KARATE
B69: 66
B70: 67 | C70: PARAG CHAUDHARI
B71: 68 | C71: SAMBHAJI KADU
B72: 69 | C72: AJINATH JAGTAP
B73: 70 | C73: ADITYA DONGARE
B74: 71 | C74: UMESH KADAM
B75: 72 | C75: VIKARAM JADHAV
B76: 73 | C76: ARYA KHEDEKAR
B77: 74 | C77: LOKESH RADE
B78: 75 | C78: MAYURESH SAID
B79: 76 | C79: PRAFULLA KOLHE
B80: 77 | C80: VINAY BOBADE
B81: 78 | C81: ASADULLAH SAYAD
... B84: 81 | C84: ANIKET KANOJIA
B85: 82
B86: 83
B87: 84
B88: 85
B89: 86
B90: 87
B91: 88
B92: 89
B93: 90
B94: 91
B95: 92
B96: 93
... B103: 100
B106: Daily plan | F106: Date :- | G106: =G1+1 -> #REF!
B108: S.No. | C108: Emp. name | D108: PROJECT CODES | E108: Actual time to finish
B109: 1 | C109: SUSHIL URKUDE
B110: 2 | C110: SAKET SHAIKH
B111: 3 | C111: AMOL MANDLIK
B112: 4 | C112: BABASO GORE
B113: 5 | C113: KUNDAN KOLI
B114: 6 | C114: PRASAD RAKSHE
B115: 7 | C115: SHUBHAM MANE
B116: 8 | C116: SURAJ DIGHE
B117: 9 | C117: ROHAN KHARAT
B118: 10 | C118: SANKET GHANWAT
B119: 11 | C119: DATTA MATE
B120: 12 | C120: NAVNATH MHASKE
... B141: 33 | C141: SHUBHAM POREDI
B142: 34
B143: 35 | C143: UMANG PATEL
B144: 36 | C144: AKSHAY GAVADE
B145: 37 | C145: AYUSH PATIL
B146: 38 | C146: HARSHAL PAWAR
B147: 39 | C147: MAYUR SALUNKHE
B148: 40 | C148: KISHOR GOPALE
B149: 41 | C149: MANI SHANKAR
B150: 42 | C150: VISHAL GAWADE
B151: 43 | C151: SACHIN ROHAKALE
B152: 44 | C152: SHREYA CHAVHAN
B153: 45 | C153: SHEKHAR PAWAR
B154: 46 | C154: PRATHAMESH ROKADE
... B173: 65 | C173: DNYANESHWAR KARATE
B174: 66
B175: 67 | C175: PARAG CHAUDHARI
B176: 68 | C176: SAMBHAJI KADU
B177: 69 | C177: AJINATH JAGTAP
B178: 70 | C178: ADITYA DONGARE
B179: 71 | C179: UMESH KADAM
B180: 72 | C180: VIKARAM JADHAV
B181: 73 | C181: ARYA KHEDEKAR
B182: 74 | C182: LOKESH RADE
B183: 75 | C183: MAYURESH SAID
B184: 76 | C184: PRAFULLA KOLHE
B185: 77 | C185: VINAY BOBADE
B186: 78 | C186: ASADULLAH SAYAD
... B189: 81 | C189: ANIKET KANOJIA
B190: 82
...

Sheet 36
B1: Daily plan | F1: Date :- | G1: ='35'!G1+7 -> #REF!
B3: S.No. | C3: Employee name | D3: PROJECT CODES | E3: Actual time to finish
B4: 1 | C4: SUSHIL URKUDE
B5: 2 | C5: SAKET SHAIKH
B6: 3 | C6: AMOL MANDLIK
B7: 4 | C7: BABASO GORE
B8: 5 | C8: KUNDAN KOLI
B9: 6 | C9: PRASAD RAKSHE
B10: 7 | C10: SHUBHAM MANE
B11: 8 | C11: SURAJ DIGHE
B12: 9 | C12: ROHAN KHARAT
B13: 10 | C13: SANKET GHANWAT
B14: 11 | C14: DATTA MATE
B15: 12 | C15: NAVNATH MHASKE
... B36: 33 | C36: SHUBHAM POREDI
B37: 34
B38: 35 | C38: UMANG PATEL
B39: 36 | C39: AKSHAY GAVADE
B40: 37 | C40: AYUSH PATIL
B41: 38 | C41: HARSHAL PAWAR
B42: 39 | C42: MAYUR SALUNKHE
B43: 40 | C43: KISHOR GOPALE
B44: 41 | C44: MANI SHANKAR
B45: 42 | C45: VISHAL GAWADE
B46: 43 | C46: SACHIN ROHAKALE
B47: 44 | C47: SHREYA CHAVHAN
B48: 45 | C48: SHEKHAR PAWAR
B49: 46 | C49: PRATHAMESH ROKADE
... B68: 65 | C68: DNYANESHWAR KARATE
B69: 66
B70: 67 | C70: PARAG CHAUDHARI
B71: 68 | C71: SAMBHAJI KADU
B72: 69 | C72: AJINATH JAGTAP
B73: 70 | C73: ADITYA DONGARE
B74: 71 | C74: UMESH KADAM
B75: 72 | C75: VIKARAM JADHAV
B76: 73 | C76: ARYA KHEDEKAR
B77: 74 | C77: LOKESH RADE
B78: 75 | C78: MAYURESH SAID
B79: 76 | C79: PRAFULLA KOLHE
B80: 77 | C80: VINAY BOBADE
B81: 78 | C81: ASADULLAH SAYAD
... B84: 81 | C84: ANIKET KANOJIA
B85: 82
B86: 83
B87: 84
B88: 85
B89: 86
B90: 87
B91: 88
B92: 89
B93: 90
B94: 91
B95: 92
B96: 93
... B103: 100
B106: Daily plan | F106: Date :- | G106: =G1+1 -> #REF!
B108: S.No. | C108: Emp. name | D108: PROJECT CODES | E108: Actual time to finish
B109: 1 | C109: SUSHIL URKUDE
B110: 2 | C110: SAKET SHAIKH
B111: 3 | C111: AMOL MANDLIK
B112: 4 | C112: BABASO GORE
B113: 5 | C113: KUNDAN KOLI
B114: 6 | C114: PRASAD RAKSHE
B115: 7 | C115: SHUBHAM MANE
B116: 8 | C116: SURAJ DIGHE
B117: 9 | C117: ROHAN KHARAT
B118: 10 | C118: SANKET GHANWAT
B119: 11 | C119: DATTA MATE
B120: 12 | C120: NAVNATH MHASKE
... B141: 33 | C141: SHUBHAM POREDI
B142: 34
B143: 35 | C143: UMANG PATEL
B144: 36 | C144: AKSHAY GAVADE
B145: 37 | C145: AYUSH PATIL
B146: 38 | C146: HARSHAL PAWAR
B147: 39 | C147: MAYUR SALUNKHE
B148: 40 | C148: KISHOR GOPALE
B149: 41 | C149: MANI SHANKAR
B150: 42 | C150: VISHAL GAWADE
B151: 43 | C151: SACHIN ROHAKALE
B152: 44 | C152: SHREYA CHAVHAN
B153: 45 | C153: SHEKHAR PAWAR
B154: 46 | C154: PRATHAMESH ROKADE
... B173: 65 | C173: DNYANESHWAR KARATE
B174: 66
B175: 67 | C175: PARAG CHAUDHARI
B176: 68 | C176: SAMBHAJI KADU
B177: 69 | C177: AJINATH JAGTAP
B178: 70 | C178: ADITYA DONGARE
B179: 71 | C179: UMESH KADAM
B180: 72 | C180: VIKARAM JADHAV
B181: 73 | C181: ARYA KHEDEKAR
B182: 74 | C182: LOKESH RADE
B183: 75 | C183: MAYURESH SAID
B184: 76 | C184: PRAFULLA KOLHE
B185: 77 | C185: VINAY BOBADE
B186: 78 | C186: ASADULLAH SAYAD
... B189: 81 | C189: ANIKET KANOJIA
B190: 82
...

Sheet 37
B1: Daily plan | F1: Date :- | G1: ='36'!G1+7 -> #REF!
B3: S.No. | C3: Employee name | D3: PROJECT CODES | E3: Actual time to finish
B4: 1 | C4: SUSHIL URKUDE
B5: 2 | C5: SAKET SHAIKH
B6: 3 | C6: AMOL MANDLIK
B7: 4 | C7: BABASO GORE
B8: 5 | C8: KUNDAN KOLI
B9: 6 | C9: PRASAD RAKSHE
B10: 7 | C10: SHUBHAM MANE
B11: 8 | C11: SURAJ DIGHE
B12: 9 | C12: ROHAN KHARAT
B13: 10 | C13: SANKET GHANWAT
B14: 11 | C14: DATTA MATE
B15: 12 | C15: NAVNATH MHASKE
... B36: 33 | C36: SHUBHAM POREDI
B37: 34
B38: 35 | C38: UMANG PATEL
B39: 36 | C39: AKSHAY GAVADE
B40: 37 | C40: AYUSH PATIL
B41: 38 | C41: HARSHAL PAWAR
B42: 39 | C42: MAYUR SALUNKHE
B43: 40 | C43: KISHOR GOPALE
B44: 41 | C44: MANI SHANKAR
B45: 42 | C45: VISHAL GAWADE
B46: 43 | C46: SACHIN ROHAKALE
B47: 44 | C47: SHREYA CHAVHAN
B48: 45 | C48: SHEKHAR PAWAR
B49: 46 | C49: PRATHAMESH ROKADE
... B68: 65 | C68: DNYANESHWAR KARATE
B69: 66
B70: 67 | C70: PARAG CHAUDHARI
B71: 68 | C71: SAMBHAJI KADU
B72: 69 | C72: AJINATH JAGTAP
B73: 70 | C73: ADITYA DONGARE
B74: 71 | C74: UMESH KADAM
B75: 72 | C75: VIKARAM JADHAV
B76: 73 | C76: ARYA KHEDEKAR
B77: 74 | C77: LOKESH RADE
B78: 75 | C78: MAYURESH SAID
B79: 76 | C79: PRAFULLA KOLHE
B80: 77 | C80: VINAY BOBADE
B81: 78 | C81: ASADULLAH SAYAD
... B84: 81 | C84: ANIKET KANOJIA
B85: 82
B86: 83
B87: 84
B88: 85
B89: 86
B90: 87
B91: 88
B92: 89
B93: 90
B94: 91
B95: 92
B96: 93
... B103: 100
B106: Daily plan | F106: Date :- | G106: =G1+1 -> #REF!
B108: S.No. | C108: Emp. name | D108: PROJECT CODES | E108: Actual time to finish
B109: 1 | C109: SUSHIL URKUDE
B110: 2 | C110: SAKET SHAIKH
B111: 3 | C111: AMOL MANDLIK
B112: 4 | C112: BABASO GORE
B113: 5 | C113: KUNDAN KOLI
B114: 6 | C114: PRASAD RAKSHE
B115: 7 | C115: SHUBHAM MANE
B116: 8 | C116: SURAJ DIGHE
B117: 9 | C117: ROHAN KHARAT
B118: 10 | C118: SANKET GHANWAT
B119: 11 | C119: DATTA MATE
B120: 12 | C120: NAVNATH MHASKE
... B141: 33 | C141: SHUBHAM POREDI
B142: 34
B143: 35 | C143: UMANG PATEL
B144: 36 | C144: AKSHAY GAVADE
B145: 37 | C145: AYUSH PATIL
B146: 38 | C146: HARSHAL PAWAR
B147: 39 | C147: MAYUR SALUNKHE
B148: 40 | C148: KISHOR GOPALE
B149: 41 | C149: MANI SHANKAR
B150: 42 | C150: VISHAL GAWADE
B151: 43 | C151: SACHIN ROHAKALE
B152: 44 | C152: SHREYA CHAVHAN
B153: 45 | C153: SHEKHAR PAWAR
B154: 46 | C154: PRATHAMESH ROKADE
... B173: 65 | C173: DNYANESHWAR KARATE
B174: 66
B175: 67 | C175: PARAG CHAUDHARI
B176: 68 | C176: SAMBHAJI KADU
B177: 69 | C177: AJINATH JAGTAP
B178: 70 | C178: ADITYA DONGARE
B179: 71 | C179: UMESH KADAM
B180: 72 | C180: VIKARAM JADHAV
B181: 73 | C181: ARYA KHEDEKAR
B182: 74 | C182: LOKESH RADE
B183: 75 | C183: MAYURESH SAID
B184: 76 | C184: PRAFULLA KOLHE
B185: 77 | C185: VINAY BOBADE
B186: 78 | C186: ASADULLAH SAYAD
... B189: 81 | C189: ANIKET KANOJIA
B190: 82
...

Sheet 38
B1: Daily plan | F1: Date :- | G1: ='37'!G1+7 -> #REF!
B3: S.No. | C3: Employee name | D3: PROJECT CODES | E3: Actual time to finish
B4: 1 | C4: SUSHIL URKUDE
B5: 2 | C5: SAKET SHAIKH
B6: 3 | C6: AMOL MANDLIK
B7: 4 | C7: BABASO GORE
B8: 5 | C8: KUNDAN KOLI
B9: 6 | C9: PRASAD RAKSHE
B10: 7 | C10: SHUBHAM MANE
B11: 8 | C11: SURAJ DIGHE
B12: 9 | C12: ROHAN KHARAT
B13: 10 | C13: SANKET GHANWAT
B14: 11 | C14: DATTA MATE
B15: 12 | C15: NAVNATH MHASKE
... B36: 33 | C36: SHUBHAM POREDI
B37: 34
B38: 35 | C38: UMANG PATEL
B39: 36 | C39: AKSHAY GAVADE
B40: 37 | C40: AYUSH PATIL
B41: 38 | C41: HARSHAL PAWAR
B42: 39 | C42: MAYUR SALUNKHE
B43: 40 | C43: KISHOR GOPALE
B44: 41 | C44: MANI SHANKAR
B45: 42 | C45: VISHAL GAWADE
B46: 43 | C46: SACHIN ROHAKALE
B47: 44 | C47: SHREYA CHAVHAN
B48: 45 | C48: SHEKHAR PAWAR
B49: 46 | C49: PRATHAMESH ROKADE
... B68: 65 | C68: DNYANESHWAR KARATE
B69: 66
B70: 67 | C70: PARAG CHAUDHARI
B71: 68 | C71: SAMBHAJI KADU
B72: 69 | C72: AJINATH JAGTAP
B73: 70 | C73: ADITYA DONGARE
B74: 71 | C74: UMESH KADAM
B75: 72 | C75: VIKARAM JADHAV
B76: 73 | C76: ARYA KHEDEKAR
B77: 74 | C77: LOKESH RADE
B78: 75 | C78: MAYURESH SAID
B79: 76 | C79: PRAFULLA KOLHE
B80: 77 | C80: VINAY BOBADE
B81: 78 | C81: ASADULLAH SAYAD
... B84: 81 | C84: ANIKET KANOJIA
B85: 82
B86: 83
B87: 84
B88: 85
B89: 86
B90: 87
B91: 88
B92: 89
B93: 90
B94: 91
B95: 92
B96: 93
... B103: 100
B106: Daily plan | F106: Date :- | G106: =G1+1 -> #REF!
B108: S.No. | C108: Emp. name | D108: PROJECT CODES | E108: Actual time to finish
B109: 1 | C109: SUSHIL URKUDE
B110: 2 | C110: SAKET SHAIKH
B111: 3 | C111: AMOL MANDLIK
B112: 4 | C112: BABASO GORE
B113: 5 | C113: KUNDAN KOLI
B114: 6 | C114: PRASAD RAKSHE
B115: 7 | C115: SHUBHAM MANE
B116: 8 | C116: SURAJ DIGHE
B117: 9 | C117: ROHAN KHARAT
B118: 10 | C118: SANKET GHANWAT
B119: 11 | C119: DATTA MATE
B120: 12 | C120: NAVNATH MHASKE
... B141: 33 | C141: SHUBHAM POREDI
B142: 34
B143: 35 | C143: UMANG PATEL
B144: 36 | C144: AKSHAY GAVADE
B145: 37 | C145: AYUSH PATIL
B146: 38 | C146: HARSHAL PAWAR
B147: 39 | C147: MAYUR SALUNKHE
B148: 40 | C148: KISHOR GOPALE
B149: 41 | C149: MANI SHANKAR
B150: 42 | C150: VISHAL GAWADE
B151: 43 | C151: SACHIN ROHAKALE
B152: 44 | C152: SHREYA CHAVHAN
B153: 45 | C153: SHEKHAR PAWAR
B154: 46 | C154: PRATHAMESH ROKADE
... B173: 65 | C173: DNYANESHWAR KARATE
B174: 66
B175: 67 | C175: PARAG CHAUDHARI
B176: 68 | C176: SAMBHAJI KADU
B177: 69 | C177: AJINATH JAGTAP
B178: 70 | C178: ADITYA DONGARE
B179: 71 | C179: UMESH KADAM
B180: 72 | C180: VIKARAM JADHAV
B181: 73 | C181: ARYA KHEDEKAR
B182: 74 | C182: LOKESH RADE
B183: 75 | C183: MAYURESH SAID
B184: 76 | C184: PRAFULLA KOLHE
B185: 77 | C185: VINAY BOBADE
B186: 78 | C186: ASADULLAH SAYAD
... B189: 81 | C189: ANIKET KANOJIA
B190: 82
...

Sheet 39
B1: Daily plan | F1: Date :- | G1: ='38'!G1+7 -> #REF!
B3: S.No. | C3: Employee name | D3: PROJECT CODES | E3: Actual time to finish
B4: 1 | C4: SUSHIL URKUDE
B5: 2 | C5: SAKET SHAIKH
B6: 3 | C6: AMOL MANDLIK
B7: 4 | C7: BABASO GORE
B8: 5 | C8: KUNDAN KOLI
B9: 6 | C9: PRASAD RAKSHE
B10: 7 | C10: SHUBHAM MANE
B11: 8 | C11: SURAJ DIGHE
B12: 9 | C12: ROHAN KHARAT
B13: 10 | C13: SANKET GHANWAT
B14: 11 | C14: DATTA MATE
B15: 12 | C15: NAVNATH MHASKE
... B36: 33 | C36: SHUBHAM POREDI
B37: 34
B38: 35 | C38: UMANG PATEL
B39: 36 | C39: AKSHAY GAVADE
B40: 37 | C40: AYUSH PATIL
B41: 38 | C41: HARSHAL PAWAR
B42: 39 | C42: MAYUR SALUNKHE
B43: 40 | C43: KISHOR GOPALE
B44: 41 | C44: MANI SHANKAR
B45: 42 | C45: VISHAL GAWADE
B46: 43 | C46: SACHIN ROHAKALE
B47: 44 | C47: SHREYA CHAVHAN
B48: 45 | C48: SHEKHAR PAWAR
B49: 46 | C49: PRATHAMESH ROKADE
... B68: 65 | C68: DNYANESHWAR KARATE
B69: 66
B70: 67 | C70: PARAG CHAUDHARI
B71: 68 | C71: SAMBHAJI KADU
B72: 69 | C72: AJINATH JAGTAP
B73: 70 | C73: ADITYA DONGARE
B74: 71 | C74: UMESH KADAM
B75: 72 | C75: VIKARAM JADHAV
B76: 73 | C76: ARYA KHEDEKAR
B77: 74 | C77: LOKESH RADE
B78: 75 | C78: MAYURESH SAID
B79: 76 | C79: PRAFULLA KOLHE
B80: 77 | C80: VINAY BOBADE
B81: 78 | C81: ASADULLAH SAYAD
... B84: 81 | C84: ANIKET KANOJIA
B85: 82
B86: 83
B87: 84
B88: 85
B89: 86
B90: 87
B91: 88
B92: 89
B93: 90
B94: 91
B95: 92
B96: 93
... B103: 100
B106: Daily plan | F106: Date :- | G106: =G1+1 -> #REF!
B108: S.No. | C108: Emp. name | D108: PROJECT CODES | E108: Actual time to finish
B109: 1 | C109: SUSHIL URKUDE
B110: 2 | C110: SAKET SHAIKH
B111: 3 | C111: AMOL MANDLIK
B112: 4 | C112: BABASO GORE
B113: 5 | C113: KUNDAN KOLI
B114: 6 | C114: PRASAD RAKSHE
B115: 7 | C115: SHUBHAM MANE
B116: 8 | C116: SURAJ DIGHE
B117: 9 | C117: ROHAN KHARAT
B118: 10 | C118: SANKET GHANWAT
B119: 11 | C119: DATTA MATE
B120: 12 | C120: NAVNATH MHASKE
... B141: 33 | C141: SHUBHAM POREDI
B142: 34
B143: 35 | C143: UMANG PATEL
B144: 36 | C144: AKSHAY GAVADE
B145: 37 | C145: AYUSH PATIL
B146: 38 | C146: HARSHAL PAWAR
B147: 39 | C147: MAYUR SALUNKHE
B148: 40 | C148: KISHOR GOPALE
B149: 41 | C149: MANI SHANKAR
B150: 42 | C150: VISHAL GAWADE
B151: 43 | C151: SACHIN ROHAKALE
B152: 44 | C152: SHREYA CHAVHAN
B153: 45 | C153: SHEKHAR PAWAR
B154: 46 | C154: PRATHAMESH ROKADE
... B173: 65 | C173: DNYANESHWAR KARATE
B174: 66
B175: 67 | C175: PARAG CHAUDHARI
B176: 68 | C176: SAMBHAJI KADU
B177: 69 | C177: AJINATH JAGTAP
B178: 70 | C178: ADITYA DONGARE
B179: 71 | C179: UMESH KADAM
B180: 72 | C180: VIKARAM JADHAV
B181: 73 | C181: ARYA KHEDEKAR
B182: 74 | C182: LOKESH RADE
B183: 75 | C183: MAYURESH SAID
B184: 76 | C184: PRAFULLA KOLHE
B185: 77 | C185: VINAY BOBADE
B186: 78 | C186: ASADULLAH SAYAD
... B189: 81 | C189: ANIKET KANOJIA
B190: 82
...

Sheet 40
B1: Daily plan | F1: Date :- | G1: ='39'!G1+7 -> #REF!
B3: S.No. | C3: Employee name | D3: PROJECT CODES | E3: Actual time to finish
B4: 1 | C4: SUSHIL URKUDE
B5: 2 | C5: SAKET SHAIKH
B6: 3 | C6: AMOL MANDLIK
B7: 4 | C7: BABASO GORE
B8: 5 | C8: KUNDAN KOLI
B9: 6 | C9: PRASAD RAKSHE
B10: 7 | C10: SHUBHAM MANE
B11: 8 | C11: SURAJ DIGHE
B12: 9 | C12: ROHAN KHARAT
B13: 10 | C13: SANKET GHANWAT
B14: 11 | C14: DATTA MATE
B15: 12 | C15: NAVNATH MHASKE
... B36: 33 | C36: SHUBHAM POREDI
B37: 34
B38: 35 | C38: UMANG PATEL
B39: 36 | C39: AKSHAY GAVADE
B40: 37 | C40: AYUSH PATIL
B41: 38 | C41: HARSHAL PAWAR
B42: 39 | C42: MAYUR SALUNKHE
B43: 40 | C43: KISHOR GOPALE
B44: 41 | C44: MANI SHANKAR
B45: 42 | C45: VISHAL GAWADE
B46: 43 | C46: SACHIN ROHAKALE
B47: 44 | C47: SHREYA CHAVHAN
B48: 45 | C48: SHEKHAR PAWAR
B49: 46 | C49: PRATHAMESH ROKADE
... B68: 65 | C68: DNYANESHWAR KARATE
B69: 66
B70: 67 | C70: PARAG CHAUDHARI
B71: 68 | C71: SAMBHAJI KADU
B72: 69 | C72: AJINATH JAGTAP
B73: 70 | C73: ADITYA DONGARE
B74: 71 | C74: UMESH KADAM
B75: 72 | C75: VIKARAM JADHAV
B76: 73 | C76: ARYA KHEDEKAR
B77: 74 | C77: LOKESH RADE
B78: 75 | C78: MAYURESH SAID
B79: 76 | C79: PRAFULLA KOLHE
B80: 77 | C80: VINAY BOBADE
B81: 78 | C81: ASADULLAH SAYAD
... B84: 81 | C84: ANIKET KANOJIA
B85: 82
B86: 83
B87: 84
B88: 85
B89: 86
B90: 87
B91: 88
B92: 89
B93: 90
B94: 91
B95: 92
B96: 93
... B103: 100
B106: Daily plan | F106: Date :- | G106: =G1+1 -> #REF!
B108: S.No. | C108: Emp. name | D108: PROJECT CODES | E108: Actual time to finish
B109: 1 | C109: SUSHIL URKUDE
B110: 2 | C110: SAKET SHAIKH
B111: 3 | C111: AMOL MANDLIK
B112: 4 | C112: BABASO GORE
B113: 5 | C113: KUNDAN KOLI
B114: 6 | C114: PRASAD RAKSHE
B115: 7 | C115: SHUBHAM MANE
B116: 8 | C116: SURAJ DIGHE
B117: 9 | C117: ROHAN KHARAT
B118: 10 | C118: SANKET GHANWAT
B119: 11 | C119: DATTA MATE
B120: 12 | C120: NAVNATH MHASKE
... B141: 33 | C141: SHUBHAM POREDI
B142: 34
B143: 35 | C143: UMANG PATEL
B144: 36 | C144: AKSHAY GAVADE
B145: 37 | C145: AYUSH PATIL
B146: 38 | C146: HARSHAL PAWAR
B147: 39 | C147: MAYUR SALUNKHE
B148: 40 | C148: KISHOR GOPALE
B149: 41 | C149: MANI SHANKAR
B150: 42 | C150: VISHAL GAWADE
B151: 43 | C151: SACHIN ROHAKALE
B152: 44 | C152: SHREYA CHAVHAN
B153: 45 | C153: SHEKHAR PAWAR
B154: 46 | C154: PRATHAMESH ROKADE
... B173: 65 | C173: DNYANESHWAR KARATE
B174: 66
B175: 67 | C175: PARAG CHAUDHARI
B176: 68 | C176: SAMBHAJI KADU
B177: 69 | C177: AJINATH JAGTAP
B178: 70 | C178: ADITYA DONGARE
B179: 71 | C179: UMESH KADAM
B180: 72 | C180: VIKARAM JADHAV
B181: 73 | C181: ARYA KHEDEKAR
B182: 74 | C182: LOKESH RADE
B183: 75 | C183: MAYURESH SAID
B184: 76 | C184: PRAFULLA KOLHE
B185: 77 | C185: VINAY BOBADE
B186: 78 | C186: ASADULLAH SAYAD
... B189: 81 | C189: ANIKET KANOJIA
B190: 82
...

Sheet 41
B1: Daily plan | F1: Date :- | G1: ='40'!G1+7 -> #REF!
B3: S.No. | C3: Employee name | D3: PROJECT CODES | E3: Actual time to finish
B4: 1 | C4: SUSHIL URKUDE
B5: 2 | C5: SAKET SHAIKH
B6: 3 | C6: AMOL MANDLIK
B7: 4 | C7: BABASO GORE
B8: 5 | C8: KUNDAN KOLI
B9: 6 | C9: PRASAD RAKSHE
B10: 7 | C10: SHUBHAM MANE
B11: 8 | C11: SURAJ DIGHE
B12: 9 | C12: ROHAN KHARAT
B13: 10 | C13: SANKET GHANWAT
B14: 11 | C14: DATTA MATE
B15: 12 | C15: NAVNATH MHASKE
... B36: 33 | C36: SHUBHAM POREDI
B37: 34
B38: 35 | C38: UMANG PATEL
B39: 36 | C39: AKSHAY GAVADE
B40: 37 | C40: AYUSH PATIL
B41: 38 | C41: HARSHAL PAWAR
B42: 39 | C42: MAYUR SALUNKHE
B43: 40 | C43: KISHOR GOPALE
B44: 41 | C44: MANI SHANKAR
B45: 42 | C45: VISHAL GAWADE
B46: 43 | C46: SACHIN ROHAKALE
B47: 44 | C47: SHREYA CHAVHAN
B48: 45 | C48: SHEKHAR PAWAR
B49: 46 | C49: PRATHAMESH ROKADE
... B68: 65 | C68: DNYANESHWAR KARATE
B69: 66
B70: 67 | C70: PARAG CHAUDHARI
B71: 68 | C71: SAMBHAJI KADU
B72: 69 | C72: AJINATH JAGTAP
B73: 70 | C73: ADITYA DONGARE
B74: 71 | C74: UMESH KADAM
B75: 72 | C75: VIKARAM JADHAV
B76: 73 | C76: ARYA KHEDEKAR
B77: 74 | C77: LOKESH RADE
B78: 75 | C78: MAYURESH SAID
B79: 76 | C79: PRAFULLA KOLHE
B80: 77 | C80: VINAY BOBADE
B81: 78 | C81: ASADULLAH SAYAD
... B84: 81 | C84: ANIKET KANOJIA
B85: 82
B86: 83
B87: 84
B88: 85
B89: 86
B90: 87
B91: 88
B92: 89
B93: 90
B94: 91
B95: 92
B96: 93
... B104: 101
B107: Daily plan | F107: Date :- | G107: =G1+1 -> #REF!
B109: S.No. | C109: Emp. name | D109: PROJECT CODES | E109: Actual time to finish
B110: 1 | C110: SUSHIL URKUDE
B111: 2 | C111: SAKET SHAIKH
B112: 3 | C112: AMOL MANDLIK
B113: 4 | C113: BABASO GORE
B114: 5 | C114: KUNDAN KOLI
B115: 6 | C115: PRASAD RAKSHE
B116: 7 | C116: SHUBHAM MANE
B117: 8 | C117: SURAJ DIGHE
B118: 9 | C118: ROHAN KHARAT
B119: 10 | C119: SANKET GHANWAT
B120: 11 | C120: DATTA MATE
B121: 12 | C121: NAVNATH MHASKE
... B142: 33 | C142: SHUBHAM POREDI
B143: 34
B144: 35 | C144: UMANG PATEL
B145: 36 | C145: AKSHAY GAVADE
B146: 37 | C146: AYUSH PATIL
B147: 38 | C147: HARSHAL PAWAR
B148: 39 | C148: MAYUR SALUNKHE
B149: 40 | C149: KISHOR GOPALE
B150: 41 | C150: MANI SHANKAR
B151: 42 | C151: VISHAL GAWADE
B152: 43 | C152: SACHIN ROHAKALE
B153: 44 | C153: SHREYA CHAVHAN
B154: 45 | C154: SHEKHAR PAWAR
B155: 46 | C155: PRATHAMESH ROKADE
... B174: 65 | C174: DNYANESHWAR KARATE
B175: 66
B176: 67 | C176: PARAG CHAUDHARI
B177: 68 | C177: SAMBHAJI KADU
B178: 69 | C178: AJINATH JAGTAP
B179: 70 | C179: ADITYA DONGARE
B180: 71 | C180: UMESH KADAM
B181: 72 | C181: VIKARAM JADHAV
B182: 73 | C182: ARYA KHEDEKAR
B183: 74 | C183: LOKESH RADE
B184: 75 | C184: MAYURESH SAID
B185: 76 | C185: PRAFULLA KOLHE
B186: 77 | C186: VINAY BOBADE
B187: 78 | C187: ASADULLAH SAYAD
... B190: 81 | C190: ANIKET KANOJIA
B191: 82
...

Sheet 42
B1: Daily plan | F1: Date :- | G1: ='41'!G1+7 -> #REF!
B3: S.No. | C3: Employee name | D3: PROJECT CODES | E3: Actual time to finish
B4: 1 | C4: SUSHIL URKUDE
B5: 2 | C5: SAKET SHAIKH
B6: 3 | C6: AMOL MANDLIK
B7: 4 | C7: BABASO GORE
B8: 5 | C8: KUNDAN KOLI
B9: 6 | C9: PRASAD RAKSHE
B10: 7 | C10: SHUBHAM MANE
B11: 8 | C11: SURAJ DIGHE
B12: 9 | C12: ROHAN KHARAT
B13: 10 | C13: SANKET GHANWAT
B14: 11 | C14: DATTA MATE
B15: 12 | C15: NAVNATH MHASKE
... B36: 33 | C36: SHUBHAM POREDI
B37: 34
B38: 35 | C38: UMANG PATEL
B39: 36 | C39: AKSHAY GAVADE
B40: 37 | C40: AYUSH PATIL
B41: 38 | C41: HARSHAL PAWAR
B42: 39 | C42: MAYUR SALUNKHE
B43: 40 | C43: KISHOR GOPALE
B44: 41 | C44: MANI SHANKAR
B45: 42 | C45: VISHAL GAWADE
B46: 43 | C46: SACHIN ROHAKALE
B47: 44 | C47: SHREYA CHAVHAN
B48: 45 | C48: SHEKHAR PAWAR
B49: 46 | C49: PRATHAMESH ROKADE
... B68: 65 | C68: DNYANESHWAR KARATE
B69: 66
B70: 67 | C70: PARAG CHAUDHARI
B71: 68 | C71: SAMBHAJI KADU
B72: 69 | C72: AJINATH JAGTAP
B73: 70 | C73: ADITYA DONGARE
B74: 71 | C74: UMESH KADAM
B75: 72 | C75: VIKARAM JADHAV
B76: 73 | C76: ARYA KHEDEKAR
B77: 74 | C77: LOKESH RADE
B78: 75 | C78: MAYURESH SAID
B79: 76 | C79: PRAFULLA KOLHE
B80: 77 | C80: VINAY BOBADE
B81: 78 | C81: ASADULLAH SAYAD
... B84: 81 | C84: ANIKET KANOJIA
B85: 82
B86: 83
B87: 84
B88: 85
B89: 86
B90: 87
B91: 88
B92: 89
B93: 90
B94: 91
B95: 92
B96: 93
... B104: 101
B107: Daily plan | F107: Date :- | G107: =G1+1 -> #REF!
B109: S.No. | C109: Emp. name | D109: PROJECT CODES | E109: Actual time to finish
B110: 1 | C110: SUSHIL URKUDE
B111: 2 | C111: SAKET SHAIKH
B112: 3 | C112: AMOL MANDLIK
B113: 4 | C113: BABASO GORE
B114: 5 | C114: KUNDAN KOLI
B115: 6 | C115: PRASAD RAKSHE
B116: 7 | C116: SHUBHAM MANE
B117: 8 | C117: SURAJ DIGHE
B118: 9 | C118: ROHAN KHARAT
B119: 10 | C119: SANKET GHANWAT
B120: 11 | C120: DATTA MATE
B121: 12 | C121: NAVNATH MHASKE
... B142: 33 | C142: SHUBHAM POREDI
B143: 34
B144: 35 | C144: UMANG PATEL
B145: 36 | C145: AKSHAY GAVADE
B146: 37 | C146: AYUSH PATIL
B147: 38 | C147: HARSHAL PAWAR
B148: 39 | C148: MAYUR SALUNKHE
B149: 40 | C149: KISHOR GOPALE
B150: 41 | C150: MANI SHANKAR
B151: 42 | C151: VISHAL GAWADE
B152: 43 | C152: SACHIN ROHAKALE
B153: 44 | C153: SHREYA CHAVHAN
B154: 45 | C154: SHEKHAR PAWAR
B155: 46 | C155: PRATHAMESH ROKADE
... B174: 65 | C174: DNYANESHWAR KARATE
B175: 66
B176: 67 | C176: PARAG CHAUDHARI
B177: 68 | C177: SAMBHAJI KADU
B178: 69 | C178: AJINATH JAGTAP
B179: 70 | C179: ADITYA DONGARE
B180: 71 | C180: UMESH KADAM
B181: 72 | C181: VIKARAM JADHAV
B182: 73 | C182: ARYA KHEDEKAR
B183: 74 | C183: LOKESH RADE
B184: 75 | C184: MAYURESH SAID
B185: 76 | C185: PRAFULLA KOLHE
B186: 77 | C186: VINAY BOBADE
B187: 78 | C187: ASADULLAH SAYAD
... B190: 81 | C190: ANIKET KANOJIA
B191: 82
...

Sheet 43
B1: Daily plan | F1: Date :- | G1: ='42'!G1+7 -> #REF!
B3: S.No. | C3: Employee name | D3: PROJECT CODES | E3: Actual time to finish
B4: 1 | C4: SUSHIL URKUDE
B5: 2 | C5: SAKET SHAIKH
B6: 3 | C6: AMOL MANDLIK
B7: 4 | C7: BABASO GORE
B8: 5 | C8: KUNDAN KOLI
B9: 6 | C9: PRASAD RAKSHE
B10: 7 | C10: SHUBHAM MANE
B11: 8 | C11: SURAJ DIGHE
B12: 9 | C12: ROHAN KHARAT
B13: 10 | C13: SANKET GHANWAT
B14: 11 | C14: DATTA MATE
B15: 12 | C15: NAVNATH MHASKE
... B36: 33 | C36: SHUBHAM POREDI
B37: 34
B38: 35 | C38: UMANG PATEL
B39: 36 | C39: AKSHAY GAVADE
B40: 37 | C40: AYUSH PATIL
B41: 38 | C41: HARSHAL PAWAR
B42: 39 | C42: MAYUR SALUNKHE
B43: 40 | C43: KISHOR GOPALE
B44: 41 | C44: MANI SHANKAR
B45: 42 | C45: VISHAL GAWADE
B46: 43 | C46: SACHIN ROHAKALE
B47: 44 | C47: SHREYA CHAVHAN
B48: 45 | C48: SHEKHAR PAWAR
B49: 46 | C49: PRATHAMESH ROKADE
... B68: 65 | C68: DNYANESHWAR KARATE
B69: 66
B70: 67 | C70: PARAG CHAUDHARI
B71: 68 | C71: SAMBHAJI KADU
B72: 69 | C72: AJINATH JAGTAP
B73: 70 | C73: ADITYA DONGARE
B74: 71 | C74: UMESH KADAM
B75: 72 | C75: VIKARAM JADHAV
B76: 73 | C76: ARYA KHEDEKAR
B77: 74 | C77: LOKESH RADE
B78: 75 | C78: MAYURESH SAID
B79: 76 | C79: PRAFULLA KOLHE
B80: 77 | C80: VINAY BOBADE
B81: 78 | C81: ASADULLAH SAYAD
... B84: 81 | C84: ANIKET KANOJIA
B85: 82
B86: 83
B87: 84
B88: 85
B89: 86
B90: 87
B91: 88
B92: 89
B93: 90
B94: 91
B95: 92
B96: 93
... B104: 101
B107: Daily plan | F107: Date :- | G107: =G1+1 -> #REF!
B109: S.No. | C109: Emp. name | D109: PROJECT CODES | E109: Actual time to finish
B110: 1 | C110: SUSHIL URKUDE
B111: 2 | C111: SAKET SHAIKH
B112: 3 | C112: AMOL MANDLIK
B113: 4 | C113: BABASO GORE
B114: 5 | C114: KUNDAN KOLI
B115: 6 | C115: PRASAD RAKSHE
B116: 7 | C116: SHUBHAM MANE
B117: 8 | C117: SURAJ DIGHE
B118: 9 | C118: ROHAN KHARAT
B119: 10 | C119: SANKET GHANWAT
B120: 11 | C120: DATTA MATE
B121: 12 | C121: NAVNATH MHASKE
... B142: 33 | C142: SHUBHAM POREDI
B143: 34
B144: 35 | C144: UMANG PATEL
